-- Adminer 4.7.5 MySQL dump

SET NAMES utf8;
SET time_zone = '+00:00';
SET foreign_key_checks = 0;
SET sql_mode = 'NO_AUTO_VALUE_ON_ZERO';

SET NAMES utf8mb4;

DROP TABLE IF EXISTS `admin`;
CREATE TABLE `admin` (
  `id_admin` int(11) NOT NULL AUTO_INCREMENT,
  `nama_admin` varchar(25) NOT NULL,
  `username_admin` varchar(25) NOT NULL,
  `password_admin` varchar(100) NOT NULL,
  `foto_admin` varchar(50) NOT NULL,
  `foto_admin_thumb` varchar(50) NOT NULL,
  `id_level_admin` int(11) NOT NULL,
  `nama_level_admin` varchar(50) NOT NULL,
  `status` varchar(10) NOT NULL,
  `aktif` varchar(50) NOT NULL,
  `login` timestamp NOT NULL DEFAULT CURRENT_TIMESTAMP ON UPDATE CURRENT_TIMESTAMP,
  PRIMARY KEY (`id_admin`)
) ENGINE=InnoDB DEFAULT CHARSET=utf8mb4;

INSERT INTO `admin` (`id_admin`, `nama_admin`, `username_admin`, `password_admin`, `foto_admin`, `foto_admin_thumb`, `id_level_admin`, `nama_level_admin`, `status`, `aktif`, `login`) VALUES
(1,	'admin',	'admin',	'$2y$10$Dtsuo9GROP5YPyFwP5gakuOEL7ziMmhWpdf1BNjpzxRX.FC8Vvzj6',	'admin_1592749067.jpg',	'admin_1592749067_thumb.jpg',	1,	'Administrator',	'1',	'1',	'2020-07-13 03:36:13'),
(2,	'Pimpinan',	'pimpinan',	'$2y$10$bQJpYH38tEPnNIIlTXANful8WS/lHr.VaZCy6oet/wHeMbbkgjH6y',	'admin_1593277603.png',	'admin_1593277603_thumb.png',	2,	'Pimpinan',	'',	'1',	'2020-06-27 17:06:43');

DROP TABLE IF EXISTS `data_latihan_training`;
CREATE TABLE `data_latihan_training` (
  `id_training` int(10) NOT NULL AUTO_INCREMENT,
  `warna` varchar(100) NOT NULL,
  `tipe` varchar(100) NOT NULL,
  `asal` varchar(100) NOT NULL,
  `keterangan` varchar(100) DEFAULT NULL,
  PRIMARY KEY (`id_training`)
) ENGINE=InnoDB DEFAULT CHARSET=latin1;

INSERT INTO `data_latihan_training` (`id_training`, `warna`, `tipe`, `asal`, `keterangan`) VALUES
(12,	'merah',	'suv',	'domestik',	NULL);

DROP TABLE IF EXISTS `hak_akses`;
CREATE TABLE `hak_akses` (
  `id_hak_akses` int(11) NOT NULL AUTO_INCREMENT,
  `id_menu` int(11) NOT NULL,
  `nama_menu` varchar(50) NOT NULL,
  `id_level_admin` int(11) NOT NULL,
  `nama_level_admin` varchar(50) NOT NULL,
  `c` varchar(2) NOT NULL,
  `r` varchar(2) NOT NULL,
  `u` varchar(2) NOT NULL,
  `d` varchar(2) NOT NULL,
  `created_at` timestamp NOT NULL DEFAULT CURRENT_TIMESTAMP ON UPDATE CURRENT_TIMESTAMP,
  `updated_at` datetime NOT NULL,
  PRIMARY KEY (`id_hak_akses`)
) ENGINE=InnoDB DEFAULT CHARSET=utf8mb4;

INSERT INTO `hak_akses` (`id_hak_akses`, `id_menu`, `nama_menu`, `id_level_admin`, `nama_level_admin`, `c`, `r`, `u`, `d`, `created_at`, `updated_at`) VALUES
(1,	1,	'Admin',	1,	'Administrator',	'1',	'1',	'1',	'1',	'2020-06-21 16:10:17',	'0000-00-00 00:00:00'),
(3,	3,	'Hak Akses',	1,	'Administrator',	'1',	'1',	'1',	'1',	'2020-06-21 16:10:17',	'2020-06-20 22:11:24'),
(4,	4,	'Master Data',	1,	'Administrator',	'1',	'1',	'1',	'1',	'2020-06-22 05:54:27',	'0000-00-00 00:00:00'),
(5,	5,	'Data Training',	1,	'Administrator',	'1',	'1',	'1',	'1',	'2020-06-22 05:56:36',	'0000-00-00 00:00:00'),
(6,	6,	'Data Nasabah',	1,	'Administrator',	'1',	'1',	'1',	'1',	'2020-06-23 16:23:48',	'0000-00-00 00:00:00'),
(8,	8,	'Level Admin',	1,	'Administrator',	'0',	'0',	'0',	'0',	'2020-07-03 04:08:30',	'0000-00-00 00:00:00'),
(9,	9,	'Menu',	1,	'Administrator',	'0',	'0',	'0',	'0',	'2020-06-28 16:18:21',	'2020-06-20 22:11:24'),
(10,	10,	'Hasil Klasifikasi',	1,	'Administrator',	'1',	'1',	'1',	'1',	'2020-06-22 05:59:49',	'0000-00-00 00:00:00'),
(13,	13,	'Profil Website',	1,	'Administrator',	'1',	'1',	'1',	'1',	'2020-06-22 05:59:50',	'0000-00-00 00:00:00'),
(22,	10,	'Hasil Klasifikasi',	2,	'Administrator',	'',	'1',	'',	'',	'2020-06-23 16:56:41',	'0000-00-00 00:00:00'),
(23,	13,	'Profil Website',	2,	'Administrator',	'',	'1',	'',	'',	'2020-06-23 16:56:41',	'0000-00-00 00:00:00');

DROP TABLE IF EXISTS `hasil_klasifikasi`;
CREATE TABLE `hasil_klasifikasi` (
  `id_hasil_klasifikasi` int(11) NOT NULL
) ENGINE=InnoDB DEFAULT CHARSET=utf8mb4;


DROP TABLE IF EXISTS `latihan_training`;
CREATE TABLE `latihan_training` (
  `id_training` int(10) NOT NULL AUTO_INCREMENT,
  `warna` varchar(100) NOT NULL,
  `tipe` varchar(100) NOT NULL,
  `asal` varchar(100) NOT NULL,
  `keterangan` varchar(100) NOT NULL,
  PRIMARY KEY (`id_training`)
) ENGINE=InnoDB DEFAULT CHARSET=latin1;

INSERT INTO `latihan_training` (`id_training`, `warna`, `tipe`, `asal`, `keterangan`) VALUES
(2,	'merah',	'sport',	'domestik',	'ya'),
(3,	'merah',	'sport',	'domestik',	'tidak'),
(4,	'merah',	'sport',	'domestik',	'ya'),
(5,	'kuning',	'sport',	'domestik',	'tidak'),
(6,	'kuning',	'sport',	'import',	'ya'),
(7,	'kuning',	'suv',	'import',	'tidak'),
(8,	'kuning',	'suv',	'import',	'ya'),
(9,	'kuning',	'suv',	'domestik',	'tidak'),
(10,	'merah',	'suv',	'import',	'tidak'),
(11,	'merah',	'sport',	'import',	'ya');

DROP TABLE IF EXISTS `level_admin`;
CREATE TABLE `level_admin` (
  `id_level_admin` int(11) NOT NULL AUTO_INCREMENT,
  `nama_level_admin` varchar(50) NOT NULL,
  PRIMARY KEY (`id_level_admin`)
) ENGINE=InnoDB DEFAULT CHARSET=utf8mb4;

INSERT INTO `level_admin` (`id_level_admin`, `nama_level_admin`) VALUES
(1,	'Administrator'),
(2,	'Pimpinan');

DROP TABLE IF EXISTS `menu`;
CREATE TABLE `menu` (
  `id_menu` int(11) NOT NULL AUTO_INCREMENT,
  `nama_menu` varchar(50) NOT NULL,
  `icon_menu` varchar(50) NOT NULL,
  `url_menu` varchar(50) NOT NULL,
  `type_menu` varchar(50) NOT NULL,
  `parent` varchar(50) NOT NULL,
  `id_level_admin` int(11) NOT NULL,
  PRIMARY KEY (`id_menu`)
) ENGINE=InnoDB DEFAULT CHARSET=utf8mb4;

INSERT INTO `menu` (`id_menu`, `nama_menu`, `icon_menu`, `url_menu`, `type_menu`, `parent`, `id_level_admin`) VALUES
(1,	'Admin',	'nav-icon fa fa-user',	'admin',	'S',	'0',	0),
(3,	'Hak Akses',	'nav-icon fa fa-lock',	'hak-akses',	'S',	'0',	0),
(4,	'Master Data',	'nav-icon fas fa fa-table',	'master-data',	'P',	'0',	0),
(5,	'Data Training',	'far fa-circle nav-icon',	'training',	'C',	'4',	0),
(6,	'Data Nasabah',	'far fa-circle nav-icon',	'nasabah',	'C',	'4',	0),
(8,	'Level Admin',	'far fa-circle nav-icon',	'level-admin',	'C',	'4',	0),
(9,	'Menu',	'far fa-circle nav-icon',	'menu',	'C',	'4',	0),
(10,	'Hasil Klasifikasi',	'nav-icon fa fa-file-pdf',	'hasil-klasifikasi',	'S',	'0',	0),
(13,	'Profil Website',	'nav-icon fa fa-info',	'profil-website',	'S',	'0',	0);

DROP TABLE IF EXISTS `nasabah`;
CREATE TABLE `nasabah` (
  `id_nasabah` int(10) NOT NULL AUTO_INCREMENT,
  `nama` varchar(50) NOT NULL,
  `umur` enum('produktif','lansia awal','lansia akhir') NOT NULL,
  `alamat` varchar(100) NOT NULL,
  `pekerjaan` varchar(50) NOT NULL,
  `pendapatan` int(10) NOT NULL,
  `pinjaman` int(10) NOT NULL,
  `jangka_waktu` enum('pendek','sedang','panjang') NOT NULL,
  `merk` varchar(20) NOT NULL,
  `type` varchar(20) NOT NULL,
  `tahun_jaminan` int(4) NOT NULL,
  `ket_pendapatan` varchar(255) DEFAULT NULL,
  `ket_pinjaman` varchar(255) NOT NULL,
  `keterangan` varchar(15) NOT NULL,
  PRIMARY KEY (`id_nasabah`)
) ENGINE=InnoDB DEFAULT CHARSET=latin1;

INSERT INTO `nasabah` (`id_nasabah`, `nama`, `umur`, `alamat`, `pekerjaan`, `pendapatan`, `pinjaman`, `jangka_waktu`, `merk`, `type`, `tahun_jaminan`, `ket_pendapatan`, `ket_pinjaman`, `keterangan`) VALUES
(2,	'MUJIIN',	'produktif',	'Kesuben',	'Buruh',	1500000,	3000000,	'pendek',	'YAMAHA',	'matic',	2015,	' 1.2JT - 2JT',	' < 10JT',	'Layak'),
(3,	'TRIAS YANUARI',	'produktif',	'Balaradin',	'Wiraswasta',	1800000,	6000000,	'pendek',	'YAMAHA',	'standard',	2014,	' 1.2JT - 2JT',	' < 10JT',	'Layak'),
(4,	'SUSMIYATI',	'produktif',	'Kesuben',	'Pedagang',	2100000,	10500000,	'pendek',	'HONDA',	'matic',	2018,	' 2JT - 4.5JT',	' 10JT - 50JT',	'Layak'),
(5,	'MASRURI',	'lansia awal',	'Kesuben',	'Petani',	2000000,	4500000,	'pendek',	'HONDA',	'matic',	2016,	' 1.2JT - 2JT',	' < 10JT',	'Layak'),
(6,	'JENAL',	'lansia akhir',	'Balaradin',	'Buruh',	1800000,	14000000,	'pendek',	'HONDA',	'sport',	2017,	' 1.2JT - 2JT',	' 10JT - 50JT',	'Tidak Layak'),
(7,	'MUALIM JUHRI',	'produktif',	'Kedawung',	'Petani',	2000000,	6000000,	'pendek',	'HONDA',	'matic',	2016,	' 1.2JT - 2JT',	' < 10JT',	'Layak'),
(8,	'TOKHID',	'produktif',	'Kedawung',	'Petani',	1900000,	3000000,	'pendek',	'HONDA',	'bebek',	2011,	' 1.2JT - 2JT',	' < 10JT',	'Layak'),
(9,	'AFRIZAL',	'produktif',	'Bojong',	'Petani',	1900000,	2500000,	'pendek',	'YAMAHA',	'bebek',	2006,	' 1.2JT - 2JT',	' < 10JT',	'Layak'),
(10,	'SAWIJI WIDODO',	'produktif',	'Tuwel',	'Buruh',	2100000,	2500000,	'pendek',	'HONDA',	'standard',	2009,	' 2JT - 4.5JT',	' < 10JT',	'Layak'),
(11,	'TOBIIN',	'produktif',	'Muncalarang',	'Pedagang',	4500000,	40000000,	'panjang',	'NISSAN',	'GRAND LIVINA',	2009,	' 2JT - 4.5JT',	' 10JT - 50JT',	'Layak'),
(12,	'JAMILAH',	'produktif',	'Lebaksiu',	'Ibu Rumah Tangga',	1500000,	2500000,	'pendek',	'HONDA',	'bebek',	2015,	' 1.2JT - 2JT',	' < 10JT',	'Layak'),
(13,	'KIRYANTO',	'produktif',	'Balapulang',	'Buruh',	2000000,	3500000,	'pendek',	'HONDA',	'standard',	2013,	' 1.2JT - 2JT',	' < 10JT',	'Layak'),
(14,	'IRFANSYAH DWI SAPUTRA',	'produktif',	'Kesuben',	'Pedagang',	5000000,	5700000,	'sedang',	'HONDA',	'matic',	2013,	' 4.5JT - 10JT',	' < 10JT',	'Layak'),
(15,	'ENDANG ',	'produktif',	'Balaradin',	'Buruh',	2100000,	3000000,	'pendek',	'HONDA',	'bebek',	2012,	' 2JT - 4.5JT',	' < 10JT',	'Layak'),
(16,	'MARDIANSYAH SITUMEANG',	'produktif',	'Banjaranyar',	'Buruh',	2100000,	3850000,	'pendek',	'YAMAHA',	'matic',	2013,	' 2JT - 4.5JT',	' < 10JT',	'Layak'),
(17,	'RISWANTI',	'produktif',	'Kesuben',	'Buruh',	2000000,	5000000,	'pendek',	'YAMAHA',	'bebek',	2015,	' 1.2JT - 2JT',	' < 10JT',	'Layak'),
(18,	'SOFI ROHMAWATI',	'produktif',	'Banjaranyar',	'Buruh',	2100000,	6800000,	'pendek',	'HONDA',	'sport',	2014,	' 2JT - 4.5JT',	' < 10JT',	'Tidak Layak'),
(19,	'MUSLIKHUN',	'produktif',	'Kesuben',	'Petani',	1800000,	2500000,	'pendek',	'HONDA',	'bebek',	2011,	' 1.2JT - 2JT',	' < 10JT',	'Layak'),
(20,	'TAHMID',	'lansia akhir',	'Kesuben',	'Petani',	1500000,	3000000,	'pendek',	'HONDA',	'bebek',	2010,	' 1.2JT - 2JT',	' < 10JT',	'Tidak Layak'),
(21,	'SUPRIYANTO',	'lansia awal',	'Balaradin',	'Petani',	1800000,	2000000,	'pendek',	'KAWASAKI',	'sport',	2017,	' 1.2JT - 2JT',	' < 10JT',	'Layak'),
(22,	'MUCH LISIN',	'lansia awal',	'Balapulang',	'Buruh',	2000000,	5000000,	'pendek',	'DAIHATSU',	'GRAND MAX',	2014,	' 1.2JT - 2JT',	' < 10JT',	'Layak'),
(23,	'URIFATUL JANAH',	'lansia awal',	'Kesuben',	'Buruh',	2500000,	6000000,	'pendek',	'HONDA',	'matic',	2015,	' 2JT - 4.5JT',	' < 10JT',	'Layak'),
(24,	'SUTRISNO',	'produktif',	'Balapulang',	'Buruh',	2100000,	3000000,	'pendek',	' KAWASAKI ',	'sport',	2011,	' 2JT - 4.5JT',	' < 10JT',	'Layak'),
(25,	'TUTI RAHAYU ',	'lansia awal',	'Kesuben',	'Pedagang',	1500000,	4900000,	'pendek',	' HONDA ',	'matic',	2013,	' 1.2JT - 2JT',	' < 10JT',	'Layak'),
(26,	'SAERI',	'produktif',	'Balapulang',	'Pedagang',	2000000,	4500000,	'pendek',	' HONDA ',	'matic',	2013,	' 1.2JT - 2JT',	' < 10JT',	'Layak'),
(27,	'SAATUN',	'produktif',	'Yamansari',	'Buruh',	2000000,	4000000,	'pendek',	'HONDA',	'bebek',	2010,	' 1.2JT - 2JT',	' < 10JT',	'Layak'),
(28,	'WARSO',	'lansia awal',	'Yamansari',	'Petani',	1600000,	3000000,	'pendek',	'HONDA',	'bebek',	2011,	' 1.2JT - 2JT',	' < 10JT',	'Layak'),
(29,	'YULI MARIANA',	'produktif',	'Lebaksiu',	'Wiraswasta',	1900000,	4500000,	'pendek',	'HONDA',	'matic',	2013,	' 1.2JT - 2JT',	' < 10JT',	'Layak'),
(30,	'AKHMAD FAOZI ',	'produktif',	'Kesuben',	'Wiraswasta',	1900000,	3500000,	'pendek',	'HONDA',	'standard',	2008,	' 1.2JT - 2JT',	' < 10JT',	'Layak'),
(31,	'BAHTIAR RUSLI',	'produktif',	'Muncalarang',	'Petani',	2000000,	3500000,	'pendek',	'HONDA',	'matic',	2012,	' 1.2JT - 2JT',	' < 10JT',	'Layak'),
(32,	'RISTO ',	'produktif',	'Buniwah',	'Petani',	2000000,	2500000,	'pendek',	'HONDA',	'matic',	2014,	' 1.2JT - 2JT',	' < 10JT',	'Layak'),
(33,	'MUDIYONO RAHARJO',	'produktif',	'Timbangreja',	'Buruh',	2000000,	4000000,	'pendek',	'YAMAHA',	'standard',	2012,	' 1.2JT - 2JT',	' < 10JT',	'Layak'),
(34,	'SAAD ',	'lansia awal',	'Muncalarang',	'Pedagang',	5000000,	15000000,	'sedang',	'SUZUKI',	'CARRY',	2002,	' 4.5JT - 10JT',	' 10JT - 50JT',	'Layak'),
(35,	'M MASLIKHUN',	'produktif',	'Buniwah',	'Petani',	1600000,	2500000,	'pendek',	'HONDA',	'bebek',	2010,	' 1.2JT - 2JT',	' < 10JT',	'Layak'),
(36,	'KOSIM',	'lansia awal',	'Buniwah',	'Petani',	1600000,	4000000,	'pendek',	'HONDA',	'bebek',	2013,	' 1.2JT - 2JT',	' < 10JT',	'Layak'),
(37,	'TRI SETIORINI',	'produktif',	'Balapulang',	'Ibu Rumah Tangga',	1000000,	2000000,	'pendek',	'YAMAHA',	'bebek',	2011,	' < 1.2JT',	' < 10JT',	'Layak'),
(38,	'SALIM',	'produktif',	'Balapulang',	'Petani',	2000000,	6000000,	'pendek',	'HONDA',	'standard',	2015,	' 1.2JT - 2JT',	' < 10JT',	'Layak'),
(39,	'AKHMAD HASANI',	'produktif',	'Banjaranyar',	'Buruh',	2100000,	4800000,	'pendek',	'HONDA',	'matic',	2011,	' 2JT - 4.5JT',	' < 10JT',	'Layak'),
(40,	'SUGENG FAOZI',	'produktif',	'Bumijawa',	'Wiraswasta',	1800000,	4748000,	'pendek',	'HONDA',	'matic',	2013,	' 1.2JT - 2JT',	' < 10JT',	'Layak'),
(41,	'DAROSAH',	'produktif',	'Pamiritan',	'Petani',	1600000,	1500000,	'pendek',	'HONDA',	'matic',	2010,	' 1.2JT - 2JT',	' < 10JT',	'Layak'),
(42,	'DEWI HANJAR SARYANI ',	'produktif',	'Kesuben',	'Pedagang',	3000000,	1750000,	'pendek',	'SUZUKI',	'standard',	2014,	' 2JT - 4.5JT',	' < 10JT',	'Layak'),
(43,	'DEWI INDAH LISTYANI ',	'produktif',	'Kesuben',	'Pedagang',	3000000,	4950000,	'pendek',	'HONDA',	'matic',	2015,	' 2JT - 4.5JT',	' < 10JT',	'Layak'),
(44,	'SARIPUDIN',	'produktif',	'Balapulang',	'Wiraswasta',	1500000,	4500000,	'pendek',	'HONDA',	'matic',	2016,	' 1.2JT - 2JT',	' < 10JT',	'Layak'),
(45,	'JUMIROH',	'produktif',	'Lebaksiu',	'Pedagang',	2000000,	3500000,	'pendek',	'HONDA',	'matic',	2015,	' 1.2JT - 2JT',	' < 10JT',	'Layak'),
(46,	'MUFLIKHA',	'produktif',	'Timbangreja',	'Wiraswasta',	1700000,	4470000,	'pendek',	'YAMAHA',	'matic',	2016,	' 1.2JT - 2JT',	' < 10JT',	'Layak'),
(47,	'TORIKIN',	'produktif',	'Bojong',	'Buruh',	2000000,	3000000,	'pendek',	'YAMAHA',	'standard',	2012,	' 1.2JT - 2JT',	' < 10JT',	'Layak'),
(48,	'SAJIDDIN',	'produktif',	'Balapulang',	'Buruh',	2000000,	6500000,	'pendek',	'YAMAHA',	'standard',	2018,	' 1.2JT - 2JT',	' < 10JT',	'Layak'),
(49,	'ELY WIDORETNO',	'produktif',	'Pamiritan',	'Wiraswasta',	1800000,	4000000,	'pendek',	'HONDA',	'matic',	2011,	' 1.2JT - 2JT',	' < 10JT',	'Layak'),
(50,	'SISWANTO',	'produktif',	'Yamansari',	'Petani',	1500000,	5500000,	'pendek',	'HONDA',	'standard',	2016,	' 1.2JT - 2JT',	' < 10JT',	'Layak'),
(51,	'WARTISI',	'lansia awal',	'Cawitali',	'Buruh',	2000000,	4500000,	'pendek',	'YAMAHA',	'standard',	2017,	' 1.2JT - 2JT',	' < 10JT',	'Layak'),
(52,	'AMINUDIN',	'produktif',	'Balapulang',	'Petani',	1200000,	2000000,	'pendek',	'HONDA',	'matic',	2016,	' 1.2JT - 2JT',	' < 10JT',	'Layak'),
(53,	'ROMAYAH',	'lansia awal',	'Danasari',	'Buruh',	2000000,	6500000,	'pendek',	'HONDA',	'matic',	2016,	' 1.2JT - 2JT',	' < 10JT',	'Tidak Layak'),
(54,	'SARTO',	'lansia awal',	'Balapulang',	'Petani',	1500000,	3000000,	'pendek',	'HONDA',	'standard',	2013,	' 1.2JT - 2JT',	' < 10JT',	'Layak'),
(55,	'PANUT WIDODO ',	'produktif',	'Pamiritan',	'Buruh',	1500000,	2000000,	'pendek',	'YAMAHA',	'standard',	2008,	' 1.2JT - 2JT',	' < 10JT',	'Layak'),
(56,	'SITI AISAH',	'produktif',	'Kesuben',	'Buruh',	1500000,	5000000,	'pendek',	'HONDA',	'matic',	2015,	' 1.2JT - 2JT',	' < 10JT',	'Layak'),
(57,	'ARMEN PRIYANTO',	'produktif',	'Jejeg',	'Petani',	2000000,	4900000,	'pendek',	'YAMAHA',	'matic',	2014,	' 1.2JT - 2JT',	' < 10JT',	'Layak'),
(58,	'AKHMAD MUNAJI',	'produktif',	'Bumijawa',	'Petani',	2000000,	3850000,	'pendek',	'YAMAHA',	'standard',	2008,	' 1.2JT - 2JT',	' < 10JT',	'Layak'),
(59,	'UMAROH',	'lansia awal',	'Balapulang',	'Pedagang',	1500000,	3000000,	'pendek',	'HONDA',	'matic',	2016,	' 1.2JT - 2JT',	' < 10JT',	'Layak'),
(60,	'EDDY SUSANTO',	'produktif',	'Pangkah',	'Wiraswasta',	2500000,	25000000,	'sedang',	'SUZUKI',	'APV',	2005,	' 2JT - 4.5JT',	' 10JT - 50JT',	'Layak'),
(61,	'WALIM',	'produktif',	'Kalijambu',	'Petani',	1500000,	1650000,	'pendek',	'HONDA',	'bebek',	2013,	' 1.2JT - 2JT',	' < 10JT',	'Layak'),
(62,	'LUKMANUL HAKIM',	'produktif',	'Buniwah',	'Wiraswasta',	1900000,	3000000,	'pendek',	'HONDA',	'bebek',	2011,	' 1.2JT - 2JT',	' < 10JT',	'Layak'),
(63,	'WASHUDI ALWI',	'produktif',	'Muncalarang',	'Wiraswasta',	1900000,	4500000,	'pendek',	'SUZUKI',	'APV',	2005,	' 1.2JT - 2JT',	' < 10JT',	'Layak'),
(64,	'ADITYA CATUR SAPUTRA',	'produktif',	'Balapulang',	'Buruh',	2100000,	4000000,	'pendek',	'YAMAHA',	'XABRE 150CC',	2016,	' 2JT - 4.5JT',	' < 10JT',	'Layak'),
(65,	'SLAMET RIYADI',	'lansia awal',	'Bumijawa',	'Petani',	1500000,	5000000,	'pendek',	'HONDA',	'matic',	2014,	' 1.2JT - 2JT',	' < 10JT',	'Layak'),
(66,	'RISWANTO',	'produktif',	'Balapulang',	'Buruh',	2000000,	5000000,	'pendek',	'HONDA',	'matic',	2012,	' 1.2JT - 2JT',	' < 10JT',	'Layak'),
(67,	'WAHRI',	'produktif',	'Banjaranyar',	'Buruh',	2100000,	6000000,	'pendek',	'HONDA',	'matic',	2016,	' 2JT - 4.5JT',	' < 10JT',	'Layak'),
(68,	'ROJIKIN',	'produktif',	'Buniwah',	'Pedagang',	5000000,	15000000,	'sedang',	'SUZUKI',	'APV',	2008,	' 4.5JT - 10JT',	' 10JT - 50JT',	'Layak'),
(69,	'SURYANA',	'produktif',	'Balapulang',	'Buruh',	2100000,	5500000,	'pendek',	'HONDA',	'standard',	2012,	' 2JT - 4.5JT',	' < 10JT',	'Layak'),
(70,	'ROKHMAT',	'produktif',	'Banjaranyar',	'Buruh',	2100000,	3000000,	'pendek',	'HONDA',	'bebek',	2013,	' 2JT - 4.5JT',	' < 10JT',	'Layak'),
(71,	'KAMSO',	'lansia awal',	'Bumijawa',	'Petani',	1500000,	4350000,	'pendek',	'MITSUBISHI',	'KUDA',	1999,	' 1.2JT - 2JT',	' < 10JT',	'Layak'),
(72,	'RATNO',	'produktif',	'Kesuben',	'Buruh',	1500000,	2000000,	'pendek',	'YAMAHA',	'bebek',	2009,	' 1.2JT - 2JT',	' < 10JT',	'Layak'),
(73,	'LAELATUL FAUZIAH',	'produktif',	'Balaradin',	'Pedagang',	3000000,	6000000,	'pendek',	'HONDA',	'bebek',	2014,	' 2JT - 4.5JT',	' < 10JT',	'Layak'),
(74,	'MARYAM',	'produktif',	'Kesuben',	'Pedagang',	2000000,	3000000,	'pendek',	'YAMAHA',	'bebek',	2013,	' 1.2JT - 2JT',	' < 10JT',	'Layak'),
(75,	'SRI WULAN PRIBAWANINGRUM',	'produktif',	'Balapulang',	'Wiraswasta',	1900000,	4000000,	'pendek',	'HONDA',	'matic',	2014,	' 1.2JT - 2JT',	' < 10JT',	'Layak'),
(76,	'ABD MUNIP',	'produktif',	'Buniwah',	'Petani',	1500000,	4100000,	'pendek',	'YAMAHA',	'matic',	2016,	' 1.2JT - 2JT',	' < 10JT',	'Layak'),
(77,	'SUSYANTO',	'lansia awal',	'Buniwah',	'Petani',	1000000,	6500000,	'pendek',	'HONDA',	'matic',	2016,	' < 1.2JT',	' < 10JT',	'Layak'),
(78,	'WIRYO',	'lansia akhir',	'Timbangreja',	'Buruh',	1500000,	7500000,	'pendek',	'HONDA',	'matic',	2017,	' 1.2JT - 2JT',	' < 10JT',	'Tidak Layak'),
(79,	'SITI YUNI SETIAWATI',	'produktif',	'Balapulang',	'Buruh',	2100000,	5000000,	'pendek',	'YAMAHA',	'standard',	2013,	' 2JT - 4.5JT',	' < 10JT',	'Layak'),
(80,	'SITI UMULIYAH',	'produktif',	'Balapulang',	'Petani',	1800000,	3000000,	'pendek',	'HONDA',	'matic',	2015,	' 1.2JT - 2JT',	' < 10JT',	'Layak'),
(81,	'RISKON HALALAN',	'produktif',	'Balaradin',	'Buruh',	1500000,	3000000,	'pendek',	'HONDA',	'matic',	2015,	' 1.2JT - 2JT',	' < 10JT',	'Layak'),
(82,	'SARTO BUDI SUROSO',	'produktif',	'Lebaksiu',	'Pedagang',	3500000,	19300000,	'sedang',	'MITSUBISHI',	'TRUCK',	1998,	' 2JT - 4.5JT',	' 10JT - 50JT',	'Layak'),
(83,	'WAHYUDIN',	'produktif',	'Lebaksiu',	'Buruh',	1800000,	3850000,	'pendek',	'YAMAHA',	'standard',	2009,	' 1.2JT - 2JT',	' < 10JT',	'Layak'),
(84,	'SRI KARSONO',	'produktif',	'Banjaranyar',	'Pedagang',	2000000,	3700000,	'pendek',	'HONDA',	'bebek',	2009,	' 1.2JT - 2JT',	' < 10JT',	'Layak'),
(85,	'FARIDAH',	'lansia awal',	'Kesuben',	'Pedagang',	2000000,	4500000,	'pendek',	'YAMAHA',	'matic',	2015,	' 1.2JT - 2JT',	' < 10JT',	'Layak'),
(86,	'IMAM MAHDI',	'lansia awal',	'Kesuben',	'Petani',	1600000,	4000000,	'pendek',	'HONDA',	'matic',	2015,	' 1.2JT - 2JT',	' < 10JT',	'Layak'),
(87,	'MOHAMAD SANEP',	'produktif',	'Balapulang',	'Pedagang',	3000000,	8000000,	'pendek',	'YAMAHA',	'sport',	2014,	' 2JT - 4.5JT',	' < 10JT',	'Layak'),
(88,	'NENIK S',	'produktif',	'Bumijawa',	'Wiraswasta',	1800000,	4500000,	'pendek',	'HONDA',	'matic',	2012,	' 1.2JT - 2JT',	' < 10JT',	'Layak'),
(89,	'HERMANTO',	'produktif',	'Bumijawa',	'Wiraswasta',	1800000,	3000000,	'pendek',	'YAMAHA',	'standard',	2012,	' 1.2JT - 2JT',	' < 10JT',	'Layak'),
(90,	'IKBAL LUTFI',	'produktif',	'Lebaksiu',	'Pedagang',	2500000,	7000000,	'pendek',	'YAMAHA',	'matic',	2017,	' 2JT - 4.5JT',	' < 10JT',	'Layak'),
(91,	'DWI YANTO',	'produktif',	'Pamiritan',	'Wiraswasta',	1800000,	6000000,	'pendek',	'HONDA',	'matic',	2016,	' 1.2JT - 2JT',	' < 10JT',	'Tidak Layak'),
(92,	'MUHAMAD AMIRUDIN',	'produktif',	'Balaradin',	'Wiraswasta',	1500000,	7500000,	'pendek',	'HONDA',	'matic',	2017,	' 1.2JT - 2JT',	' < 10JT',	'Tidak Layak'),
(93,	'PONIMAN',	'lansia akhir',	'Balaradin',	'Petani',	1500000,	6000000,	'pendek',	'HONDA',	'matic',	2015,	' 1.2JT - 2JT',	' < 10JT',	'Tidak Layak'),
(94,	'UMI KULSUM',	'produktif',	'Kesuben',	'Wiraswasta',	1800000,	5000000,	'sedang',	'HONDA',	'matic',	2014,	' 1.2JT - 2JT',	' < 10JT',	'Layak'),
(95,	'HERMANTO',	'produktif',	'Balapulang',	'Buruh',	2000000,	6000000,	'pendek',	'HONDA',	'matic',	2016,	' 1.2JT - 2JT',	' < 10JT',	'Layak'),
(96,	'IIN NURSANTI',	'produktif',	'Bojong',	'Wiraswasta',	1800000,	6500000,	'pendek',	'HONDA',	'matic',	2016,	' 1.2JT - 2JT',	' < 10JT',	'Tidak Layak'),
(97,	'AHMAD KHAFIDIN',	'produktif',	'Balaradin',	'Pedagang',	2000000,	4750000,	'pendek',	'HONDA',	'matic',	2017,	' 1.2JT - 2JT',	' < 10JT',	'Layak'),
(98,	'SULDI',	'lansia awal',	'Balapulang',	'Petani',	2000000,	5000000,	'pendek',	'HONDA',	'matic',	2014,	' 1.2JT - 2JT',	' < 10JT',	'Layak'),
(99,	'MUHAMAD SIMITRO',	'produktif',	'Lebaksiu',	'Pedagang',	2500000,	6000000,	'pendek',	'HONDA',	'standard',	2017,	' 2JT - 4.5JT',	' < 10JT',	'Layak'),
(100,	'SITI URIPAH ',	'lansia awal',	'Kesuben',	'Pedagang',	2100000,	5000000,	'pendek',	'HONDA',	'bebek',	2015,	' 2JT - 4.5JT',	' < 10JT',	'Layak'),
(101,	'AWALUDIN',	'produktif',	'Dukuhtengah',	'Petani',	2000000,	2175000,	'pendek',	'HONDA',	'matic',	2013,	' 1.2JT - 2JT',	' < 10JT',	'Layak'),
(102,	'TONI SUGIARTO',	'produktif',	'Bumijawa',	'Buruh',	2000000,	4500000,	'pendek',	'YAMAHA',	'matic',	2014,	' 1.2JT - 2JT',	' < 10JT',	'Layak'),
(103,	'MASRURI',	'lansia awal',	'Bumijawa',	'Petani',	1500000,	5000000,	'pendek',	'SUZUKI',	'CARRY',	1998,	' 1.2JT - 2JT',	' < 10JT',	'Layak'),
(104,	'TAUFIK',	'lansia awal',	'Balapulang',	'Buruh',	1200000,	5000000,	'pendek',	'HONDA',	'matic',	2016,	' 1.2JT - 2JT',	' < 10JT',	'Layak'),
(105,	'FIKRI',	'produktif',	'Balaradin',	'Wiraswasta',	2000000,	7000000,	'pendek',	'YAMAHA',	'matic',	2018,	' 1.2JT - 2JT',	' < 10JT',	'Layak'),
(106,	'ROAH',	'lansia akhir',	'Bojong',	'Petani',	2000000,	9000000,	'pendek',	'KAWASAKI',	'sport',	2016,	' 1.2JT - 2JT',	' < 10JT',	'Tidak Layak'),
(107,	'MUKMIN',	'lansia awal',	'Kesuben',	'Pedagang',	2000000,	2500000,	'pendek',	'HONDA',	'matic',	2011,	' 1.2JT - 2JT',	' < 10JT',	'Layak'),
(108,	'AHMAD NUROPIK',	'produktif',	'Bojong',	'Buruh',	2000000,	6500000,	'pendek',	'HONDA',	'matic',	2016,	' 1.2JT - 2JT',	' < 10JT',	'Tidak Layak'),
(109,	'NIKEN WILI ANANDA',	'produktif',	'Balapulang',	'Pedagang',	2000000,	8000000,	'pendek',	'HONDA',	'matic',	2018,	' 1.2JT - 2JT',	' < 10JT',	'Layak'),
(110,	'RINA PARIDAYANTI ',	'produktif',	'Kesuben',	'Buruh',	1500000,	4000000,	'pendek',	'HONDA',	'matic',	2011,	' 1.2JT - 2JT',	' < 10JT',	'Layak'),
(111,	'MUINAH',	'produktif',	'Dukuhtengah',	'Pedagang',	2000000,	5000000,	'pendek',	'HONDA',	'matic',	2015,	' 1.2JT - 2JT',	' < 10JT',	'Layak'),
(112,	'KHOLIPAH',	'produktif',	'Buniwah',	'Buruh',	1800000,	4000000,	'pendek',	'YAMAHA',	'bebek',	2013,	' 1.2JT - 2JT',	' < 10JT',	'Layak'),
(113,	'WAWAN PURWANTO',	'lansia awal',	'Bojong',	'Petani',	1500000,	2000000,	'pendek',	'YAMAHA',	'matic',	2013,	' 1.2JT - 2JT',	' < 10JT',	'Layak'),
(114,	'AKHMAD YUNUS',	'produktif',	'Balapulang',	'Pedagang',	2000000,	3800000,	'pendek',	'YAMAHA',	'matic',	2013,	' 1.2JT - 2JT',	' < 10JT',	'Layak'),
(115,	'TURMIYATI',	'lansia awal',	'Banjaranyar',	'Buruh',	1500000,	3000000,	'pendek',	'HONDA',	'matic',	2015,	' 1.2JT - 2JT',	' < 10JT',	'Layak'),
(116,	'TRI SETIYO BUDI',	'produktif',	'Banjaranyar',	'Buruh',	1500000,	2500000,	'pendek',	'YAMAHA',	'matic',	2011,	' 1.2JT - 2JT',	' < 10JT',	'Layak'),
(117,	'BENY KHAERONI',	'produktif',	'Bumijawa',	'Wiraswasta',	1900000,	5000000,	'pendek',	'HONDA',	'matic',	2013,	' 1.2JT - 2JT',	' < 10JT',	'Layak'),
(118,	'NIDAUL CHASANAH',	'produktif',	'Balapulang',	'Wiraswasta',	1900000,	8200000,	'pendek',	'YAMAHA',	'matic',	2016,	' 1.2JT - 2JT',	' < 10JT',	'Tidak Layak'),
(119,	'JAFAR ',	'produktif',	'Balaradin',	'Pedagang',	2100000,	3400000,	'pendek',	'HONDA',	'matic',	2011,	' 2JT - 4.5JT',	' < 10JT',	'Layak'),
(120,	'PUJIONO',	'produktif',	'Bojong',	'Petani',	1800000,	3000000,	'pendek',	'HONDA',	'bebek',	2010,	' 1.2JT - 2JT',	' < 10JT',	'Layak'),
(121,	'RENI SUMARTINI',	'produktif',	'Balaradin',	'Wiraswasta',	1800000,	1500000,	'pendek',	'YAMAHA',	'bebek',	2013,	' 1.2JT - 2JT',	' < 10JT',	'Layak'),
(122,	'SUKIRNO',	'lansia awal',	'Bumijawa',	'Petani',	1500000,	1500000,	'pendek',	'HONDA',	'bebek',	2008,	' 1.2JT - 2JT',	' < 10JT',	'Layak'),
(123,	'MIRNA FIRMANIYATI',	'produktif',	'Balapulang',	'Wiraswasta',	1800000,	4000000,	'pendek',	'HONDA',	'matic',	2010,	' 1.2JT - 2JT',	' < 10JT',	'Layak'),
(124,	'MAMURODI',	'produktif',	'Bojong',	'Petani',	2000000,	7000000,	'pendek',	'YAMAHA',	'standard',	2012,	' 1.2JT - 2JT',	' < 10JT',	'Layak'),
(125,	'M HAKIM MAULANA',	'produktif',	'Balapulang',	'Buruh',	1800000,	6500000,	'pendek',	'HONDA',	'matic',	2017,	' 1.2JT - 2JT',	' < 10JT',	'Tidak Layak'),
(126,	'ISTIKHAROH',	'produktif',	'Kesuben',	'Wiraswasta',	1800000,	5000000,	'pendek',	'YAMAHA',	'standard',	2013,	' 1.2JT - 2JT',	' < 10JT',	'Layak'),
(127,	'TOBIIN',	'produktif',	'Kesuben',	'Pedagang',	2100000,	3000000,	'pendek',	'HONDA',	'matic',	2012,	' 2JT - 4.5JT',	' < 10JT',	'Layak'),
(128,	'AHMAD MUGOFAR',	'produktif',	'Balapulang',	'Buruh',	2100000,	3000000,	'pendek',	'HONDA',	'bebek',	2010,	' 2JT - 4.5JT',	' < 10JT',	'Layak'),
(129,	'SUHERMAN',	'lansia akhir',	'Danasari',	'Petani',	1500000,	5500000,	'pendek',	'HONDA',	'sport',	2013,	' 1.2JT - 2JT',	' < 10JT',	'Tidak Layak'),
(130,	'SUNARTO',	'produktif',	'Bumijawa',	'Petani',	1600000,	4000000,	'pendek',	'HONDA',	'standard',	2013,	' 1.2JT - 2JT',	' < 10JT',	'Layak'),
(131,	'ABDUL MUJIB',	'lansia awal',	'Balapulang',	'Buruh',	1500000,	5500000,	'pendek',	'HONDA',	'bebek',	2014,	' 1.2JT - 2JT',	' < 10JT',	'Layak'),
(132,	'IMAM SYAFI\'I',	'produktif',	'Bojong',	'Wiraswasta',	1900000,	4900000,	'pendek',	'HONDA',	'matic',	2014,	' 1.2JT - 2JT',	' < 10JT',	'Layak'),
(133,	'LUTFI AMALIYAH',	'produktif',	'Balapulang',	'Pedagang',	3000000,	10050000,	'pendek',	'SUZUKI',	'CARRY',	1995,	' 2JT - 4.5JT',	' 10JT - 50JT',	'Layak'),
(134,	'SEPUDIN ZUHRI ',	'produktif',	'Bojong',	'Petani',	1600000,	4550000,	'pendek',	'HONDA',	'bebek',	2015,	' 1.2JT - 2JT',	' < 10JT',	'Layak'),
(135,	'NUR CHAMALI',	'produktif',	'Bumijawa',	'Pedagang',	2500000,	3400000,	'pendek',	'YAMAHA',	'matic',	2014,	' 2JT - 4.5JT',	' < 10JT',	'Layak'),
(136,	'JONI ISKANDAR',	'produktif',	'Muncalarang',	'Pedagang',	2500000,	7000000,	'pendek',	'HONDA',	'matic',	2016,	' 2JT - 4.5JT',	' < 10JT',	'Layak'),
(137,	'ATIKA RAHMAH',	'produktif',	'Balapulang',	'Buruh',	2100000,	3000000,	'pendek',	'HONDA',	'matic',	2014,	' 2JT - 4.5JT',	' < 10JT',	'Layak'),
(138,	'MOH UNTUNG',	'produktif',	'Lebaksiu',	'Pedagang',	2500000,	4000000,	'pendek',	'HONDA',	'matic',	2013,	' 2JT - 4.5JT',	' < 10JT',	'Layak'),
(139,	'JUNIARTI',	'produktif',	'Balaradin',	'Petani',	1500000,	3500000,	'pendek',	'HONDA',	'matic',	2011,	' 1.2JT - 2JT',	' < 10JT',	'Layak'),
(140,	'ADE SURIPTO',	'produktif',	'Balapulang',	'Wiraswasta',	1800000,	4000000,	'pendek',	'HONDA',	'standard',	2013,	' 1.2JT - 2JT',	' < 10JT',	'Layak'),
(141,	'ZAENAL FIKRI',	'produktif',	'Bumijawa',	'Wiraswasta',	1700000,	2800000,	'pendek',	'HONDA',	'bebek',	2010,	' 1.2JT - 2JT',	' < 10JT',	'Layak'),
(142,	'SYAMSUL MAARIF',	'produktif',	'Bumijawa',	'Pedagang',	2100000,	6000000,	'pendek',	'MITSUBISHI',	'COLT L300',	2007,	' 2JT - 4.5JT',	' < 10JT',	'Layak'),
(143,	'NUR KHOLIS',	'produktif',	'Lebaksiu',	'Wiraswasta',	1900000,	5000000,	'pendek',	'DAIHATSU',	'ESPASS',	2006,	' 1.2JT - 2JT',	' < 10JT',	'Layak'),
(144,	'NUR AZIZAH',	'produktif',	'Balaradin',	'Petani',	1500000,	1430000,	'pendek',	'YAMAHA',	'bebek',	2007,	' 1.2JT - 2JT',	' < 10JT',	'Layak'),
(145,	'SUTOYO',	'produktif',	'Bojong',	'Buruh',	2000000,	2500000,	'pendek',	'HONDA',	'bebek',	2012,	' 1.2JT - 2JT',	' < 10JT',	'Layak'),
(146,	'KHANIPAH',	'produktif',	'Lebaksiu',	'Buruh',	2000000,	2950000,	'pendek',	'YAMAHA',	'standard',	2012,	' 1.2JT - 2JT',	' < 10JT',	'Layak'),
(147,	'SISWANTO',	'produktif',	'Balapulang',	'Pedagang',	4500000,	35000000,	'panjang',	'DAIHATSU',	'GRANDMAX',	2012,	' 2JT - 4.5JT',	' 10JT - 50JT',	'Layak'),
(148,	'AKHMAD HAMZAH',	'produktif',	'Pamiritan',	'Petani',	1500000,	3500000,	'pendek',	'HONDA',	'matic',	2013,	' 1.2JT - 2JT',	' < 10JT',	'Layak'),
(149,	'SURIPTO',	'produktif',	'Bojong',	'Buruh',	2000000,	7000000,	'pendek',	'SUZUKI',	'FUTURA',	2006,	' 1.2JT - 2JT',	' < 10JT',	'Layak'),
(150,	'NURKOSIM',	'produktif',	'Bojong',	'Pedagang',	3000000,	10000000,	'pendek',	'YAMAHA',	'matic',	2017,	' 2JT - 4.5JT',	' < 10JT',	'Layak'),
(151,	'SOLIHIN',	'produktif',	'Kesuben',	'Pedagang',	2000000,	5000000,	'pendek',	'HONDA',	'matic',	2016,	' 1.2JT - 2JT',	' < 10JT',	'Layak'),
(152,	'NOVITRI RETNO PRAMITASARI',	'produktif',	'Balapulang',	'Pedagang',	5000000,	40000000,	'panjang',	'HONDA',	'CRV',	2002,	' 4.5JT - 10JT',	' 10JT - 50JT',	'Layak'),
(153,	'WAHYU HIDAYATULOH',	'produktif',	'Bumijawa',	'Petani',	1500000,	2500000,	'pendek',	'YAMAHA',	'bebek',	2010,	' 1.2JT - 2JT',	' < 10JT',	'Layak'),
(154,	'MOHAMAD BUSRO',	'produktif',	'Balapulang',	'Buruh',	2100000,	4000000,	'pendek',	'YAMAHA',	'matic',	2015,	' 2JT - 4.5JT',	' < 10JT',	'Layak'),
(155,	'ANDIKA MUSLICH',	'produktif',	'Banjaranyar',	'Buruh',	2100000,	4600000,	'pendek',	'YAMAHA',	'matic',	2014,	' 2JT - 4.5JT',	' < 10JT',	'Layak'),
(156,	'DARIS',	'produktif',	'Bojong',	'Petani',	1600000,	2000000,	'pendek',	'HONDA',	'matic',	2016,	' 1.2JT - 2JT',	' < 10JT',	'Layak'),
(157,	'DIKUN',	'produktif',	'Kalijambu',	'Petani',	1600000,	5000000,	'pendek',	'HONDA',	'sport',	2014,	' 1.2JT - 2JT',	' < 10JT',	'Layak'),
(158,	'DAMIRIN',	'produktif',	'Balapulang',	'Buruh',	2000000,	5700000,	'pendek',	'HONDA',	'matic',	2016,	' 1.2JT - 2JT',	' < 10JT',	'Layak'),
(159,	'KUSNANTO',	'produktif',	'Timbangreja',	'Pedagang',	2000000,	3500000,	'pendek',	' HONDA ',	'matic',	2019,	' 1.2JT - 2JT',	' < 10JT',	'Layak'),
(160,	'RISKON HALALAN',	'produktif',	'Banjaranyar',	'Pedagang',	2000000,	3000000,	'pendek',	' HONDA ',	'matic',	2015,	' 1.2JT - 2JT',	' < 10JT',	'Layak'),
(161,	'URIP MULYANI',	'produktif',	'Balapulang',	'Pedagang',	2000000,	3400000,	'pendek',	' HONDA ',	'standard',	2012,	' 1.2JT - 2JT',	' < 10JT',	'Layak'),
(162,	'M FUADI',	'produktif',	'Kesuben',	'Pedagang',	4000000,	3000000,	'pendek',	'YAMAHA',	'matic',	2010,	' 2JT - 4.5JT',	' < 10JT',	'Layak'),
(163,	'LISNA RIZKIYANI',	'produktif',	'Balapulang',	'Wiraswasta',	1800000,	7500000,	'pendek',	'HONDA',	'matic',	2017,	' 1.2JT - 2JT',	' < 10JT',	'Tidak Layak'),
(164,	'MAMURI',	'produktif',	'Bojong',	'Pedagang',	2100000,	11000000,	'pendek',	'SUZUKI',	'matic',	2002,	' 2JT - 4.5JT',	' 10JT - 50JT',	'Layak'),
(165,	'ROFIUDIN',	'produktif',	'Bojong',	'Petani',	2000000,	4450000,	'pendek',	'HONDA',	'bebek',	2012,	' 1.2JT - 2JT',	' < 10JT',	'Layak'),
(166,	'MOH SUKROL RIJAL',	'produktif',	'Buniwah',	'Buruh',	1800000,	6800000,	'pendek',	'HONDA',	'matic',	2016,	' 1.2JT - 2JT',	' < 10JT',	'Tidak Layak'),
(167,	'SITI AISAH',	'produktif',	'Bumijawa',	'Petani',	2000000,	4000000,	'pendek',	'HONDA',	'matic',	2015,	' 1.2JT - 2JT',	' < 10JT',	'Layak'),
(168,	'MUHAMAD ALI KHAMIZI',	'produktif',	'Bojong',	'Petani',	1900000,	20000000,	'sedang',	'SUZUKI',	'FUTURA',	2003,	' 1.2JT - 2JT',	' 10JT - 50JT',	'Layak'),
(169,	'FITRIYANINGSIH',	'produktif',	'Bojong',	'Wiraswasta',	1900000,	5000000,	'pendek',	'HONDA',	'matic',	2013,	' 1.2JT - 2JT',	' < 10JT',	'Layak'),
(170,	'SRI INDAYANI',	'produktif',	'Timbangreja',	'Wiraswasta',	1800000,	2000000,	'pendek',	'HONDA',	'matic',	2009,	' 1.2JT - 2JT',	' < 10JT',	'Layak'),
(171,	'ALI SIDKON',	'produktif',	'Bumijawa',	'Petani',	1500000,	1114000,	'pendek',	'HONDA',	'matic',	2013,	' 1.2JT - 2JT',	' < 10JT',	'Layak'),
(172,	'ROKHTUN',	'produktif',	'Balapulang',	'Pedagang',	3000000,	7000000,	'pendek',	'YAMAHA',	'standard',	2013,	' 2JT - 4.5JT',	' < 10JT',	'Layak'),
(173,	'ALI HUSNA',	'produktif',	'Yamansari',	'Buruh',	2000000,	3500000,	'pendek',	'HONDA',	'matic',	2019,	' 1.2JT - 2JT',	' < 10JT',	'Layak'),
(174,	'YANTO',	'lansia awal',	'Lebaksiu',	'Pedagang',	5000000,	2000000,	'pendek',	'HONDA',	'bebek',	2013,	' 4.5JT - 10JT',	' < 10JT',	'Layak'),
(175,	'GHOFIR',	'produktif',	'Kesuben',	'Buruh',	2100000,	3000000,	'pendek',	'HONDA',	'bebek',	2011,	' 2JT - 4.5JT',	' < 10JT',	'Layak'),
(176,	'MOH TOMI NURSASI',	'lansia awal',	'Bojong',	'Buruh',	2100000,	2500000,	'pendek',	'HONDA',	'matic',	2014,	' 2JT - 4.5JT',	' < 10JT',	'Layak'),
(177,	'TARSITI',	'produktif',	'Balaradin',	'Buruh',	2000000,	3500000,	'pendek',	'HONDA',	'bebek',	2010,	' 1.2JT - 2JT',	' < 10JT',	'Layak'),
(178,	'SITI SENANG HATI',	'produktif',	'Balapulang',	'Buruh',	2100000,	2500000,	'pendek',	'YAMAHA',	'matic',	2014,	' 2JT - 4.5JT',	' < 10JT',	'Layak'),
(179,	'NURYASIN',	'produktif',	'Bojong',	'Petani',	1800000,	3500000,	'pendek',	'HONDA',	'matic',	2016,	' 1.2JT - 2JT',	' < 10JT',	'Layak'),
(180,	'ENDANG SRI MURTIATUN ',	'produktif',	'Bumijawa',	'Petani',	1500000,	2500000,	'pendek',	'HONDA',	'bebek',	2009,	' 1.2JT - 2JT',	' < 10JT',	'Layak'),
(181,	'DWI PUSPA FITRIA SEJATI',	'produktif',	'Balaradin',	'Wiraswasta',	1800000,	2960000,	'pendek',	'HONDA',	'matic',	2015,	' 1.2JT - 2JT',	' < 10JT',	'Layak'),
(182,	'DYAH SUSWANTIN',	'produktif',	'Banjaranyar',	'Buruh',	2000000,	5000000,	'pendek',	'HONDA',	'matic',	2016,	' 1.2JT - 2JT',	' < 10JT',	'Layak'),
(183,	'NUROPIK',	'produktif',	'Balapulang',	'Petani',	1500000,	2000000,	'pendek',	'HONDA',	'matic',	2016,	' 1.2JT - 2JT',	' < 10JT',	'Layak'),
(184,	'HAYATI',	'produktif',	'Bumijawa',	'Petani',	1500000,	5000000,	'pendek',	'HONDA',	'matic',	2016,	' 1.2JT - 2JT',	' < 10JT',	'Layak'),
(185,	'ALWI KHADID',	'produktif',	'Bojong',	'Pedagang',	4000000,	17000000,	'sedang',	'TOYOTA',	'AVANZA',	2009,	' 2JT - 4.5JT',	' 10JT - 50JT',	'Layak'),
(186,	'NOVI YUNITA',	'produktif',	'Bojong',	'Wiraswasta',	1800000,	2000000,	'pendek',	'YAMAHA',	'matic',	2013,	' 1.2JT - 2JT',	' < 10JT',	'Layak'),
(187,	'FATHUROZI',	'produktif',	'Kesuben',	'Buruh',	2000000,	5500000,	'pendek',	'HONDA',	'matic',	2014,	' 1.2JT - 2JT',	' < 10JT',	'Layak'),
(188,	'MOHAMAD RIDWAN',	'produktif',	'Banjaranyar',	'Buruh',	2000000,	3500000,	'pendek',	'HONDA',	'matic',	2011,	' 1.2JT - 2JT',	' < 10JT',	'Layak'),
(189,	'MOHAMAD SYAFRUDIN',	'produktif',	'Balaradin',	'Wiraswasta',	1800000,	1500000,	'pendek',	'HONDA',	'matic',	2013,	' 1.2JT - 2JT',	' < 10JT',	'Layak'),
(190,	'M ALI GHUPRON',	'lansia awal',	'Bojong',	'Petani',	1500000,	6500000,	'pendek',	'HONDA',	'matic',	2016,	' 1.2JT - 2JT',	' < 10JT',	'Tidak Layak'),
(191,	'SULTON TRIYONO ',	'produktif',	'Balapulang',	'Buruh',	2000000,	4000000,	'pendek',	'YAMAHA',	'standard',	2013,	' 1.2JT - 2JT',	' < 10JT',	'Layak'),
(192,	'ABDUL ROHIM',	'lansia akhir',	'Kesuben',	'Wiraswasta',	2000000,	4000000,	'pendek',	'HONDA',	'bebek',	2013,	' 1.2JT - 2JT',	' < 10JT',	'Tidak Layak'),
(193,	'SUPRIYADI',	'produktif',	'Balapulang',	'Wiraswasta',	1500000,	1500000,	'pendek',	'YAMAHA',	'bebek',	2009,	' 1.2JT - 2JT',	' < 10JT',	'Layak'),
(194,	'ADE SOFHAN JAMIL',	'produktif',	'Kalibakung',	'Pedagang',	3000000,	5500000,	'pendek',	'HONDA',	'matic',	2014,	' 2JT - 4.5JT',	' < 10JT',	'Layak'),
(195,	'RIYADI SOLIKHIN',	'produktif',	'Balaradin',	'Pedagang',	4000000,	50000000,	'sedang',	'ISUZU',	'PANTHER',	2003,	' 2JT - 4.5JT',	' 10JT - 50JT',	'Layak'),
(196,	'WAGIMAN ',	'lansia akhir',	'Bojong',	'Petani',	1500000,	6750000,	'pendek',	'HONDA',	'matic',	2015,	' 1.2JT - 2JT',	' < 10JT',	'Tidak Layak'),
(197,	'ISNAENI HADIYATI ',	'produktif',	'Bumijawa',	'Petani',	1500000,	2000000,	'pendek',	'YAMAHA',	'matic',	2012,	' 1.2JT - 2JT',	' < 10JT',	'Layak'),
(198,	'DULJHALIM',	'lansia awal',	'Banjaranyar',	'Pedagang',	5000000,	22000000,	'sedang',	'DAIHATSU',	'AYLA',	2013,	' 4.5JT - 10JT',	' 10JT - 50JT',	'Layak'),
(199,	'ELMI FAZRIYAH',	'produktif',	'Kesuben',	'Pedagang',	4000000,	11000000,	'sedang',	'DAIHATSU',	'GRANDMAX',	2008,	' 2JT - 4.5JT',	' 10JT - 50JT',	'Layak'),
(200,	'MASTINAH',	'produktif',	'Bojong',	'Petani',	2000000,	6000000,	'pendek',	'HONDA',	'matic',	2016,	' 1.2JT - 2JT',	' < 10JT',	'Layak'),
(201,	'RIYADI SOLIKHIN',	'produktif',	'Balaradin',	'Pedagang',	4000000,	15000000,	'pendek',	'ISUZU',	'PANTHER',	2003,	' 2JT - 4.5JT',	' 10JT - 50JT',	'Layak'),
(202,	'AGUS DARNOTO',	'produktif',	'Bojong',	'Buruh',	2000000,	5000000,	'pendek',	'HONDA',	'matic',	2015,	' 1.2JT - 2JT',	' < 10JT',	'Layak'),
(203,	'SAMSUL MAARIF ',	'produktif',	'Kesuben',	'Buruh',	1500000,	2000000,	'pendek',	'YAMAHA',	'bebek',	2010,	' 1.2JT - 2JT',	' < 10JT',	'Layak'),
(204,	'SLAMET RIYADI',	'produktif',	'Bumijawa',	'Petani',	1500000,	3500000,	'pendek',	'HONDA',	'matic',	2014,	' 1.2JT - 2JT',	' < 10JT',	'Layak'),
(205,	'ASIYAH',	'lansia awal',	'Bojong',	'Petani',	2100000,	7000000,	'pendek',	'HONDA',	'matic',	2016,	' 2JT - 4.5JT',	' < 10JT',	'Layak'),
(206,	'MAHMURI',	'produktif',	'Balapulang',	'Pedagang',	4500000,	25000000,	'sedang',	'SUZUKI',	'APV',	2008,	' 2JT - 4.5JT',	' 10JT - 50JT',	'Layak'),
(207,	'MASPUPAH',	'lansia awal',	'Bojong',	'Buruh',	1500000,	3000000,	'pendek',	'SUZUKI',	'standard',	2013,	' 1.2JT - 2JT',	' < 10JT',	'Layak'),
(208,	'USIN',	'lansia awal',	'Bojong',	'Petani',	2500000,	27700000,	'sedang',	'DAIHATSU',	'GRANDMAX',	2014,	' 2JT - 4.5JT',	' 10JT - 50JT',	'Layak'),
(209,	'AISAH',	'produktif',	'Balapulang',	'Buruh',	2000000,	6000000,	'pendek',	'HONDA',	'matic',	2016,	' 1.2JT - 2JT',	' < 10JT',	'Layak'),
(210,	'VENNY AGUSTIA',	'produktif',	'Bumijawa',	'Wiraswasta',	1800000,	2000000,	'pendek',	'HONDA',	'matic',	2013,	' 1.2JT - 2JT',	' < 10JT',	'Layak'),
(211,	'RIFKY FAJJARIYADI\'',	'produktif',	'Bumijawa',	'Wiraswasta',	1800000,	4000000,	'pendek',	'HONDA',	'standard',	2014,	' 1.2JT - 2JT',	' < 10JT',	'Layak'),
(212,	'DARWIH',	'lansia awal',	'Cenggini',	'Petani',	1500000,	3000000,	'pendek',	'HONDA',	'sport',	2011,	' 1.2JT - 2JT',	' < 10JT',	'Layak'),
(213,	'RIAWAN YOSANDI',	'lansia awal',	'Balapulang',	'Petani',	1500000,	1500000,	'pendek',	'SOFTLOAN',	'SOFTLOAN',	2016,	' 1.2JT - 2JT',	' < 10JT',	'Layak'),
(214,	'USWATUN KHASANAH',	'produktif',	'Kesuben',	'Pedagang',	2000000,	2000000,	'pendek',	'HONDA',	'matic',	2010,	' 1.2JT - 2JT',	' < 10JT',	'Layak'),
(215,	'YUNNY ANDARYANI',	'produktif',	'Bojong',	'Petani',	3000000,	35000000,	'panjang',	'MITSUBISHI',	'FE 304',	2003,	' 2JT - 4.5JT',	' 10JT - 50JT',	'Layak'),
(216,	'WARSO ',	'produktif',	'Bumijawa',	'Pedagang',	3000000,	10600000,	'pendek',	'DAIHATSU',	'XENIA',	2004,	' 2JT - 4.5JT',	' 10JT - 50JT',	'Layak'),
(217,	'IRFAN ARIYANTO',	'produktif',	'Balapulang',	'Buruh',	1800000,	3000000,	'pendek',	'YAMAHA',	'standard',	2014,	' 1.2JT - 2JT',	' < 10JT',	'Layak'),
(218,	'MUHAMAD ILMAN NOVIA',	'produktif',	'Balapulang',	'Buruh',	1800000,	3500000,	'pendek',	'YAMAHA',	'standard',	2013,	' 1.2JT - 2JT',	' < 10JT',	'Layak'),
(219,	'TITIN SUPRIYATIN',	'lansia awal',	'Bojong',	'Petani',	2000000,	3300000,	'pendek',	'HONDA',	'matic',	2010,	' 1.2JT - 2JT',	' < 10JT',	'Layak'),
(220,	'SITI LUKIYAH',	'lansia awal',	'Kesuben',	'Petani',	2000000,	6000000,	'pendek',	'HONDA',	'matic',	2015,	' 1.2JT - 2JT',	' < 10JT',	'Layak'),
(221,	'ZAINAL ABIDIN',	'lansia awal',	'Bumijawa',	'Petani',	2100000,	4870000,	'pendek',	'HONDA',	'matic',	2013,	' 2JT - 4.5JT',	' < 10JT',	'Layak'),
(222,	'GHIFA SETYA BUDIANTONO',	'produktif',	'Bumijawa',	'Buruh',	1800000,	3000000,	'pendek',	'HONDA',	'matic',	2010,	' 1.2JT - 2JT',	' < 10JT',	'Layak'),
(223,	'WAHIDIN',	'produktif',	'Balapulang',	'Buruh',	2000000,	5000000,	'pendek',	'SUZUKI',	'standard',	2014,	' 1.2JT - 2JT',	' < 10JT',	'Layak'),
(224,	'ROKHMAH',	'lansia awal',	'Bumijawa',	'Buruh',	1500000,	2000000,	'pendek',	'HONDA',	'standard',	2016,	' 1.2JT - 2JT',	' < 10JT',	'Layak'),
(225,	'PARIHATUN',	'lansia awal',	'Kesuben',	'Pedagang',	2500000,	7000000,	'pendek',	'HONDA',	'matic',	2018,	' 2JT - 4.5JT',	' < 10JT',	'Layak'),
(226,	'SONHAJI',	'lansia awal',	'Kesuben',	'Pedagang',	4000000,	3900000,	'pendek',	'HONDA',	'matic',	2013,	' 2JT - 4.5JT',	' < 10JT',	'Layak'),
(227,	'CIPTO ROSO',	'lansia awal',	'Kesuben',	'Petani',	3000000,	14000000,	'sedang',	'SUZUKI',	'FUTURA',	2006,	' 2JT - 4.5JT',	' 10JT - 50JT',	'Layak'),
(228,	'ROHATI',	'produktif',	'Kesuben',	'Pedagang',	3500000,	5000000,	'pendek',	'HONDA',	'bebek',	2013,	' 2JT - 4.5JT',	' < 10JT',	'Layak'),
(229,	'NUR IFA JOKO WIBOWO',	'lansia awal',	'Kesuben',	'Petani',	2000000,	4500000,	'pendek',	'HONDA',	'matic',	2017,	' 1.2JT - 2JT',	' < 10JT',	'Layak'),
(230,	'WATNO PURNOMO',	'lansia awal',	'Banjaranyar',	'Buruh',	1800000,	4850000,	'pendek',	'SUZUKI',	'standard',	2012,	' 1.2JT - 2JT',	' < 10JT',	'Layak'),
(231,	'PRIHATININGSIH',	'lansia awal',	'Kesuben',	'Pedagang',	1500000,	2300000,	'pendek',	'HONDA',	'matic',	2014,	' 1.2JT - 2JT',	' < 10JT',	'Layak'),
(232,	'ELISAH',	'lansia awal',	'Banjaranyar',	'Buruh',	1800000,	4875000,	'pendek',	'HONDA',	'sport',	2016,	' 1.2JT - 2JT',	' < 10JT',	'Layak'),
(233,	'KASID',	'lansia awal',	'Balaradin',	'Petani',	1000000,	2728000,	'pendek',	'HONDA',	'sport',	2013,	' < 1.2JT',	' < 10JT',	'Layak'),
(234,	'AKHMAD MUSABIH',	'produktif',	'Bumijawa',	'Wiraswasta',	1900000,	3000000,	'pendek',	'YAMAHA',	'bebek',	2013,	' 1.2JT - 2JT',	' < 10JT',	'Layak'),
(235,	'ANTON PAMUNGKAS',	'produktif',	'Balapulang',	'Buruh',	2000000,	5450000,	'pendek',	'HONDA',	'matic',	2014,	' 1.2JT - 2JT',	' < 10JT',	'Layak'),
(236,	'CHOMISAH',	'lansia awal',	'Kesuben',	'Pedagang',	2500000,	6000000,	'pendek',	'HONDA',	'matic',	2014,	' 2JT - 4.5JT',	' < 10JT',	'Layak'),
(237,	'RISMAWATI',	'produktif',	'Batuagung',	'Buruh',	2000000,	6000000,	'pendek',	'HONDA',	'standard',	2014,	' 1.2JT - 2JT',	' < 10JT',	'Layak'),
(238,	'SELVI ALMUNFAIZAH',	'produktif',	'Balapulang',	'Buruh',	2000000,	7500000,	'pendek',	'YAMAHA',	'sport',	2017,	' 1.2JT - 2JT',	' < 10JT',	'Tidak Layak'),
(239,	'NAFSIAH',	'lansia awal',	'Balaradin',	'Pedagang',	1500000,	1500000,	'pendek',	'YAMAHA',	'bebek',	2009,	' 1.2JT - 2JT',	' < 10JT',	'Layak'),
(240,	'IZATUL MUTAFARIKOH',	'produktif',	'Kesuben',	'Pedagang',	2000000,	4000000,	'pendek',	'SUZUKI',	'standard',	2012,	' 1.2JT - 2JT',	' < 10JT',	'Layak'),
(241,	'EDI PURWANTO',	'lansia awal',	'Kesuben',	'Buruh',	2000000,	4000000,	'pendek',	'HONDA',	'matic',	2013,	' 1.2JT - 2JT',	' < 10JT',	'Layak'),
(242,	'SUMARDI',	'lansia awal',	'Timbangreja',	'Petani',	1500000,	2000000,	'pendek',	'YAMAHA',	'matic',	2016,	' 1.2JT - 2JT',	' < 10JT',	'Layak'),
(243,	'MUSLIMIN',	'lansia awal',	'Danasari',	'Pedagang',	2000000,	6000000,	'pendek',	'HONDA',	'standard',	2014,	' 1.2JT - 2JT',	' < 10JT',	'Layak'),
(244,	'FERI FAOZI RAMADHAN',	'produktif',	'Bojong',	'Pedagang',	2000000,	5000000,	'pendek',	'HONDA',	'matic',	2015,	' 1.2JT - 2JT',	' < 10JT',	'Layak'),
(245,	'NUNUNG SARI SETYO WAHYUNINGSIH',	'produktif',	'Balapulang',	'Wiraswasta',	1800000,	3000000,	'pendek',	'HONDA',	'matic',	2016,	' 1.2JT - 2JT',	' < 10JT',	'Layak'),
(246,	'SYARIFUDIN ',	'lansia awal',	'Bumijawa',	'Petani',	2000000,	2000000,	'pendek',	'YAMAHA',	'standard',	2011,	' 1.2JT - 2JT',	' < 10JT',	'Layak'),
(247,	'DAIMAHTUSAADAH',	'produktif',	'Kesuben',	'Buruh',	1500000,	3250000,	'pendek',	'YAMAHA',	'FORCE',	2013,	' 1.2JT - 2JT',	' < 10JT',	'Layak'),
(248,	'AEDI MUSTOFA',	'produktif',	'Banjaranyar',	'Buruh',	2100000,	5000000,	'pendek',	'HONDA',	'matic',	2015,	' 2JT - 4.5JT',	' < 10JT',	'Layak'),
(249,	'DWI FEBRIYANTI',	'produktif',	'Kesuben',	'Pedagang',	3500000,	11000000,	'pendek',	'HONDA',	'matic',	2019,	' 2JT - 4.5JT',	' 10JT - 50JT',	'Layak'),
(250,	'SLAMET',	'lansia awal',	'Pamiritan',	'Buruh',	2100000,	9000000,	'pendek',	'HONDA',	'matic',	2016,	' 2JT - 4.5JT',	' < 10JT',	'Tidak Layak'),
(251,	'AGUS WAHID NASIKHUDIN',	'lansia awal',	'Balapulang',	'Buruh',	2000000,	4000000,	'pendek',	'HONDA',	'bebek',	2014,	' 1.2JT - 2JT',	' < 10JT',	'Layak'),
(252,	'UNTUNG BUDI PRAMONO',	'produktif',	'Lebaksiu',	'Pedagang',	5000000,	19300000,	'sedang',	'DAIHATSU',	'TAFT',	1991,	' 4.5JT - 10JT',	' 10JT - 50JT',	'Layak'),
(253,	'ALIVIA ADILA ',	'produktif',	'Balapulang',	'Buruh',	2000000,	2850000,	'pendek',	'YAMAHA',	'matic',	2014,	' 1.2JT - 2JT',	' < 10JT',	'Layak'),
(254,	'SUSWORO',	'lansia awal',	'Bukateja',	'Petani',	1500000,	2500000,	'pendek',	'YAMAHA',	'matic',	2013,	' 1.2JT - 2JT',	' < 10JT',	'Layak'),
(255,	'NARYO',	'lansia awal',	'Balapulang',	'Buruh',	2000000,	1000000,	'pendek',	'HONDA',	'bebek',	2013,	' 1.2JT - 2JT',	' < 10JT',	'Layak'),
(256,	'ANDI HOERUL AMIN',	'lansia awal',	'Buniwah',	'Buruh',	2000000,	3300000,	'pendek',	'YAMAHA',	'bebek',	2013,	' 1.2JT - 2JT',	' < 10JT',	'Layak'),
(257,	'MAULANA ADB MUHYI',	'lansia awal',	'Bojong',	'Buruh',	2000000,	3000000,	'pendek',	'YAMAHA',	'matic',	2012,	' 1.2JT - 2JT',	' < 10JT',	'Layak'),
(258,	'AGUS SUSWORO',	'produktif',	'Balapulang',	'Buruh',	2000000,	4000000,	'pendek',	'HONDA',	'bebek',	2013,	' 1.2JT - 2JT',	' < 10JT',	'Layak'),
(259,	'KARTINI HD ',	'lansia awal',	'Balapulang',	'Pedagang',	1500000,	3850000,	'pendek',	'YAMAHA',	'matic',	2013,	' 1.2JT - 2JT',	' < 10JT',	'Layak'),
(260,	'YUSRON ANWARI ',	'produktif',	'Cikura',	'Petani',	1500000,	2000000,	'pendek',	'YAMAHA',	'bebek',	2008,	' 1.2JT - 2JT',	' < 10JT',	'Layak'),
(261,	'FATHRUDIN ',	'produktif',	'Timbangreja',	'Buruh',	2000000,	3200000,	'pendek',	'HONDA',	'standard',	2008,	' 1.2JT - 2JT',	' < 10JT',	'Layak'),
(262,	'TONI ',	'lansia awal',	'Balapulang',	'Petani',	1500000,	1500000,	'pendek',	'YAMAHA',	'bebek',	2007,	' 1.2JT - 2JT',	' < 10JT',	'Layak'),
(263,	'MAKHMUDIN',	'lansia awal',	'Harjawinangun',	'Petani',	1500000,	2320000,	'pendek',	'YAMAHA',	'bebek',	2008,	' 1.2JT - 2JT',	' < 10JT',	'Layak'),
(264,	'DARTO',	'lansia awal',	'Cenggini',	'Petani',	1500000,	3900000,	'pendek',	'HONDA',	'matic',	2016,	' 1.2JT - 2JT',	' < 10JT',	'Layak'),
(265,	'SUWANDI',	'lansia awal',	'Danasari',	'Petani',	2000000,	7330000,	'pendek',	'SUZUKI',	'FUTURA',	2015,	' 1.2JT - 2JT',	' < 10JT',	'Layak'),
(266,	'FATMAWATI',	'lansia awal',	'Bojong',	'Petani',	2000000,	2900000,	'pendek',	'YAMAHA',	'bebek',	2011,	' 1.2JT - 2JT',	' < 10JT',	'Layak'),
(267,	'NUR AFIYAH',	'lansia awal',	'Cikura',	'Pedagang',	2500000,	8500000,	'pendek',	'HONDA',	'matic',	2017,	' 2JT - 4.5JT',	' < 10JT',	'Layak'),
(268,	'ANDRI WIDIYANTO',	'produktif',	'Kesuben',	'Buruh',	2000000,	4000000,	'pendek',	'HONDA',	'matic',	2011,	' 1.2JT - 2JT',	' < 10JT',	'Layak'),
(269,	'SUTOTO',	'lansia awal',	'Dukuhtengah',	'Buruh',	2000000,	9500000,	'sedang',	'DAIHATSU',	'TARUNA',	2002,	' 1.2JT - 2JT',	' < 10JT',	'Layak'),
(270,	'FATHUDIN',	'produktif',	'Timbangreja',	'Wiraswasta',	2000000,	3000000,	'pendek',	'HONDA',	'matic',	2014,	' 1.2JT - 2JT',	' < 10JT',	'Layak'),
(271,	'TARMUN',	'lansia awal',	'Buniwah',	'Petani',	2100000,	5900000,	'pendek',	'HONDA',	'matic',	2014,	' 2JT - 4.5JT',	' < 10JT',	'Layak'),
(272,	'MOH AMROZI FATKHUZEIN',	'produktif',	'Muncalarang',	'Wiraswasta',	1500000,	3500000,	'pendek',	'HONDA',	'matic',	2016,	' 1.2JT - 2JT',	' < 10JT',	'Layak'),
(273,	'AZIMATUL IZZAH',	'produktif',	'Muncalarang',	'Buruh',	2100000,	8000000,	'sedang',	'HONDA',	'matic',	2017,	' 2JT - 4.5JT',	' < 10JT',	'Layak'),
(274,	'WAHYUDI',	'produktif',	'Balapulang',	'Buruh',	2000000,	6000000,	'pendek',	'HONDA',	'matic',	2016,	' 1.2JT - 2JT',	' < 10JT',	'Layak'),
(275,	'SUEB',	'produktif',	'Balapulang',	'Buruh',	200000,	2000000,	'pendek',	'HONDA',	'bebek',	2010,	' < 1.2JT',	' < 10JT',	'Layak'),
(276,	'IRWAN JAWAWI',	'produktif',	'Buniwah',	'Petani',	2100000,	6000000,	'pendek',	'HONDA',	'matic',	2015,	' 2JT - 4.5JT',	' < 10JT',	'Layak'),
(277,	'ABDUL BAAR',	'lansia awal',	'Kesuben',	'Pedagang',	2500000,	7000000,	'pendek',	'HONDA',	'matic',	2016,	' 2JT - 4.5JT',	' < 10JT',	'Layak'),
(278,	'ANI TOFRIKOH',	'produktif',	'Kalijambu',	'Buruh',	2000000,	2000000,	'pendek',	'YAMAHA',	'matic',	2014,	' 1.2JT - 2JT',	' < 10JT',	'Layak'),
(279,	'DAHRONI',	'produktif',	'Balaradin',	'Buruh',	2000000,	3000000,	'pendek',	'HONDA',	'matic',	2018,	' 1.2JT - 2JT',	' < 10JT',	'Layak'),
(280,	'WASIAH',	'lansia awal',	'Balaradin',	'Buruh',	2000000,	5000000,	'pendek',	'HONDA',	'matic',	2018,	' 1.2JT - 2JT',	' < 10JT',	'Layak'),
(281,	'SURATMO',	'lansia awal',	'Bojong',	'Petani',	1500000,	3000000,	'pendek',	'HONDA',	'matic',	2016,	' 1.2JT - 2JT',	' < 10JT',	'Layak'),
(282,	'USWATUN KHASANAH',	'produktif',	'Kesuben',	'Pedagang',	2500000,	5500000,	'pendek',	'YAMAHA',	'standard',	2015,	' 2JT - 4.5JT',	' < 10JT',	'Layak'),
(283,	'TOMIR ',	'lansia awal',	'Batuagung',	'Pedagang',	2500000,	7650000,	'pendek',	'HONDA',	'sport',	2016,	' 2JT - 4.5JT',	' < 10JT',	'Layak'),
(284,	'AYU ARIFANI ',	'produktif',	'Batuagung',	'Buruh',	2000000,	5000000,	'pendek',	'HONDA',	'matic',	2014,	' 1.2JT - 2JT',	' < 10JT',	'Layak'),
(285,	'TOIPAH',	'lansia awal',	'Kesuben',	'Pedagang',	2500000,	4450000,	'pendek',	'HONDA',	'matic',	2013,	' 2JT - 4.5JT',	' < 10JT',	'Layak'),
(286,	'ABDULLAH FAKIH',	'produktif',	'Kajen',	'Wiraswasta',	1900000,	5000000,	'pendek',	'HONDA',	'matic',	2014,	' 1.2JT - 2JT',	' < 10JT',	'Layak'),
(287,	'NUR ISTIKOMAH',	'produktif',	'Kesuben',	'Buruh',	2000000,	6000000,	'pendek',	'HONDA',	'matic',	2016,	' 1.2JT - 2JT',	' < 10JT',	'Layak'),
(288,	'MAFROKHA',	'lansia awal',	'Bumijawa',	'Petani',	2000000,	7000000,	'pendek',	'HONDA',	'matic',	2016,	' 1.2JT - 2JT',	' < 10JT',	'Tidak Layak'),
(289,	'TANTI MAYASARI',	'produktif',	'Bojong',	'Ibu Rumah Tangga',	1500000,	3500000,	'pendek',	' HONDA ',	'matic',	2012,	' 1.2JT - 2JT',	' < 10JT',	'Layak'),
(290,	'RISNAWATI',	'produktif',	'Buniwah',	'Wiraswasta',	1800000,	4500000,	'pendek',	' HONDA ',	'matic',	2013,	' 1.2JT - 2JT',	' < 10JT',	'Layak'),
(291,	'SELY NURIZKA',	'produktif',	'Buniwah',	'Petani',	2100000,	6000000,	'pendek',	' HONDA ',	'matic',	2014,	' 2JT - 4.5JT',	' < 10JT',	'Layak'),
(292,	'KURDI',	'lansia awal',	'Balapulang',	'Buruh',	1500000,	3000000,	'pendek',	'HONDA',	'bebek',	2015,	' 1.2JT - 2JT',	' < 10JT',	'Layak'),
(293,	'HENDRO DWI SETIAWAN',	'produktif',	'Bojong',	'Wiraswasta',	2000000,	6000000,	'pendek',	'HONDA',	'matic',	2016,	' 1.2JT - 2JT',	' < 10JT',	'Tidak Layak'),
(294,	'FIKRI',	'produktif',	'Bojong',	'Petani',	2000000,	8000000,	'pendek',	'YAMAHA',	'matic',	2018,	' 1.2JT - 2JT',	' < 10JT',	'Layak'),
(295,	'MASRUR',	'produktif',	'Bumijawa',	'Wiraswasta',	1800000,	2500000,	'pendek',	'YAMAHA',	'standard',	2016,	' 1.2JT - 2JT',	' < 10JT',	'Layak'),
(296,	'EDI AFANDI',	'produktif',	'Batuagung',	'Buruh',	2000000,	6000000,	'pendek',	'HONDA',	'bebek',	2016,	' 1.2JT - 2JT',	' < 10JT',	'Layak'),
(297,	'SYUKRON MAMUN',	'produktif',	'Batuagung',	'Petani',	1500000,	2700000,	'pendek',	'HONDA',	'matic',	2013,	' 1.2JT - 2JT',	' < 10JT',	'Layak'),
(298,	'JUMYATI',	'produktif',	'Banjaranyar',	'Buruh',	2000000,	5500000,	'pendek',	'YAMAHA',	'standard',	2013,	' 1.2JT - 2JT',	' < 10JT',	'Layak'),
(299,	'SRI MAEMUNAH',	'lansia awal',	'Kesuben',	'Pedagang',	2000000,	8000000,	'pendek',	'HONDA',	'matic',	2018,	' 1.2JT - 2JT',	' < 10JT',	'Layak'),
(300,	'NUROKHMI',	'produktif',	'Balapulang',	'Buruh',	2000000,	6800000,	'sedang',	'HONDA',	'matic',	2016,	' 1.2JT - 2JT',	' < 10JT',	'Tidak Layak'),
(301,	'TAKHUSIPAH',	'lansia awal',	'Bumijawa',	'Ibu Rumah Tangga',	1500000,	6000000,	'pendek',	'HONDA',	'bebek',	2010,	' 1.2JT - 2JT',	' < 10JT',	'Layak'),
(302,	'WATIR',	'lansia awal',	'Balaradin',	'Buruh',	1500000,	2000000,	'pendek',	'HONDA',	'matic',	2014,	' 1.2JT - 2JT',	' < 10JT',	'Layak'),
(303,	'HETI KURNIAWATI',	'produktif',	'Batuagung',	'Wiraswasta',	1800000,	10000000,	'pendek',	'HONDA',	'matic',	2018,	' 1.2JT - 2JT',	' < 10JT',	'Tidak Layak'),
(304,	'HARYADI TRI PUTRANTO',	'produktif',	'Buniwah',	'Petani',	2000000,	5900000,	'pendek',	'HONDA',	'matic',	2015,	' 1.2JT - 2JT',	' < 10JT',	'Layak'),
(305,	'SOLEH ',	'produktif',	'Banjaranyar',	'Buruh',	1500000,	4500000,	'pendek',	'HONDA',	'bebek',	2011,	' 1.2JT - 2JT',	' < 10JT',	'Layak'),
(306,	'NUR JANAH',	'produktif',	'Kesuben',	'Pedagang',	1500000,	4000000,	'pendek',	'HONDA',	'sport',	2014,	' 1.2JT - 2JT',	' < 10JT',	'Layak'),
(307,	'NELIN APIPAH',	'lansia awal',	'Balapulang',	'Buruh',	2000000,	5500000,	'pendek',	'HONDA',	'matic',	2016,	' 1.2JT - 2JT',	' < 10JT',	'Tidak Layak'),
(308,	'LINDA TRISNA ANGGRAENI',	'produktif',	'Balapulang',	'Pedagang',	3000000,	25000000,	'sedang',	'DAIHATSU',	'XENIA',	2004,	' 2JT - 4.5JT',	' 10JT - 50JT',	'Layak'),
(309,	'ANI ANGGRAENI',	'produktif',	'Bukateja',	'Petani',	1500000,	3000000,	'pendek',	'HONDA',	'matic',	2012,	' 1.2JT - 2JT',	' < 10JT',	'Layak'),
(310,	'FAIZIN',	'lansia awal',	'Balaradin',	'Petani',	1500000,	7000000,	'pendek',	'HONDA',	'matic',	2016,	' 1.2JT - 2JT',	' < 10JT',	'Tidak Layak'),
(311,	'HIKMAH SUSANTI',	'produktif',	'Batuagung',	'Wiraswasta',	1500000,	2000000,	'pendek',	'YAMAHA',	'matic',	2015,	' 1.2JT - 2JT',	' < 10JT',	'Layak'),
(312,	'URIP SAEFURI ',	'lansia awal',	'Bojong',	'Petani',	1500000,	2000000,	'pendek',	'HONDA',	'bebek',	2012,	' 1.2JT - 2JT',	' < 10JT',	'Layak'),
(313,	'RENDI PRAYOGI',	'produktif',	'Bumijawa',	'Wiraswasta',	2000000,	6736000,	'pendek',	'HONDA',	'standard',	2013,	' 1.2JT - 2JT',	' < 10JT',	'Layak'),
(314,	'WAWAN HERI SAPUTRA',	'produktif',	'Bumijawa',	'Wiraswasta',	2000000,	7550000,	'pendek',	'YAMAHA',	'standard',	2014,	' 1.2JT - 2JT',	' < 10JT',	'Layak'),
(315,	'TOBIIN',	'produktif',	'Bumijawa',	'Buruh',	1800000,	9000000,	'pendek',	'HONDA',	'matic',	2016,	' 1.2JT - 2JT',	' < 10JT',	'Tidak Layak'),
(316,	'ALI MURTADO',	'produktif',	'Yamansari',	'Pedagang',	2000000,	7000000,	'pendek',	'HONDA',	'matic',	2016,	' 1.2JT - 2JT',	' < 10JT',	'Layak'),
(317,	'IMAMUDIN',	'produktif',	'Kesuben',	'Buruh',	1500000,	4000000,	'pendek',	'YAMAHA',	'standard',	2012,	' 1.2JT - 2JT',	' < 10JT',	'Layak'),
(318,	'GUNTORO',	'produktif',	'Bumijawa',	'Petani',	1500000,	3500000,	'pendek',	'HONDA',	'matic',	2012,	' 1.2JT - 2JT',	' < 10JT',	'Layak'),
(319,	'TISWANTO',	'produktif',	'Bumijawa',	'Petani',	1500000,	2000000,	'pendek',	'HONDA',	'matic',	2015,	' 1.2JT - 2JT',	' < 10JT',	'Layak'),
(320,	'SUHARTI',	'lansia awal',	'Balaradin',	'Pedagang',	2500000,	10000000,	'pendek',	'HONDA',	'matic',	2018,	' 2JT - 4.5JT',	' < 10JT',	'Layak'),
(321,	'TRIYONO',	'produktif',	'Balapulang',	'Buruh',	1500000,	3000000,	'pendek',	'HONDA',	'matic',	2012,	' 1.2JT - 2JT',	' < 10JT',	'Layak'),
(322,	'PARIKHA',	'lansia awal',	'Kesuben',	'Ibu Rumah Tangga',	2000000,	3500000,	'pendek',	'HONDA',	'bebek',	2010,	' 1.2JT - 2JT',	' < 10JT',	'Layak'),
(323,	'JOKO SISWANTO',	'lansia awal',	'Bukateja',	'Wiraswasta',	1800000,	6000000,	'pendek',	'HONDA',	'matic',	2017,	' 1.2JT - 2JT',	' < 10JT',	'Tidak Layak'),
(324,	'MANIS',	'produktif',	'Balapulang',	'Pedagang',	1500000,	6000000,	'pendek',	'HONDA',	'standard',	2016,	' 1.2JT - 2JT',	' < 10JT',	'Layak'),
(325,	'SAHRIATUL MAHMUDAH',	'lansia awal',	'Kesuben',	'Buruh',	1800000,	4300000,	'pendek',	'HONDA',	'matic',	2011,	' 1.2JT - 2JT',	' < 10JT',	'Layak'),
(326,	'MUHAMAD FAHRURROZI',	'produktif',	'Kesuben',	'Petani',	1500000,	3150000,	'pendek',	'YAMAHA',	'standard',	2012,	' 1.2JT - 2JT',	' < 10JT',	'Layak'),
(327,	'UNTUNG SUPRIADI',	'lansia awal',	'Balapulang',	'Petani',	1500000,	3500000,	'pendek',	'HONDA',	'standard',	2011,	' 1.2JT - 2JT',	' < 10JT',	'Layak'),
(328,	'KARYO',	'lansia awal',	'Bumijawa',	'Buruh',	2100000,	10500000,	'sedang',	'YAMAHA',	'matic',	2017,	' 2JT - 4.5JT',	' 10JT - 50JT',	'Layak'),
(329,	'NUR KHOLIS',	'lansia awal',	'Bumijawa',	'Wiraswasta',	1800000,	3850000,	'pendek',	'YAMAHA',	'standard',	2013,	' 1.2JT - 2JT',	' < 10JT',	'Layak'),
(330,	'ROHIMAH',	'lansia awal',	'Kesuben',	'Petani',	1800000,	2500000,	'pendek',	'HONDA',	'matic',	2015,	' 1.2JT - 2JT',	' < 10JT',	'Layak'),
(331,	'JAROCHA',	'lansia awal',	'Kesuben',	'Petani',	2100000,	8400000,	'sedang',	'HONDA',	'matic',	2017,	' 2JT - 4.5JT',	' < 10JT',	'Layak'),
(332,	'HUSNUL HUDA',	'produktif',	'Balapulang',	'Buruh',	2000000,	4000000,	'pendek',	'HONDA',	'bebek',	2012,	' 1.2JT - 2JT',	' < 10JT',	'Layak'),
(333,	'SUTARNO',	'lansia awal',	'Bumijawa',	'Buruh',	2100000,	4000000,	'pendek',	'YAMAHA',	'standard',	2013,	' 2JT - 4.5JT',	' < 10JT',	'Layak'),
(334,	'KAMSO',	'lansia awal',	'Bumijawa',	'Buruh',	2100000,	2735000,	'pendek',	'HONDA',	'standard',	2010,	' 2JT - 4.5JT',	' < 10JT',	'Layak'),
(335,	'DAKRI',	'lansia awal',	'Bumijawa',	'Petani',	1500000,	4500000,	'pendek',	'HONDA',	'bebek',	2016,	' 1.2JT - 2JT',	' < 10JT',	'Layak'),
(336,	'FASICHA',	'lansia awal',	'Kesuben',	'Pedagang',	2500000,	7000000,	'pendek',	'HONDA',	'matic',	2018,	' 2JT - 4.5JT',	' < 10JT',	'Layak'),
(337,	'MOH YANI',	'lansia awal',	'Batuagung',	'Pedagang',	2500000,	8000000,	'pendek',	'YAMAHA',	'AEROX',	2017,	' 2JT - 4.5JT',	' < 10JT',	'Layak'),
(338,	'ULPATUNISA',	'produktif',	'Balapulang',	'Wiraswasta',	1800000,	4900000,	'pendek',	'HONDA',	'matic',	2018,	' 1.2JT - 2JT',	' < 10JT',	'Layak'),
(339,	'DEDE TRISMANTO',	'produktif',	'Kesuben',	'Wiraswasta',	2000000,	4000000,	'pendek',	'HONDA',	'sport',	2014,	' 1.2JT - 2JT',	' < 10JT',	'Layak'),
(340,	'SUHERMAN',	'produktif',	'Bumijawa',	'Petani',	1500000,	4850000,	'pendek',	'HONDA',	'matic',	2015,	' 1.2JT - 2JT',	' < 10JT',	'Layak'),
(341,	'FAIZIN',	'produktif',	'Timbangreja',	'Buruh',	2000000,	7500000,	'pendek',	'YAMAHA',	'standard',	2014,	' 1.2JT - 2JT',	' < 10JT',	'Layak'),
(342,	'SITI MARYAM',	'lansia awal',	'Timbangreja',	'Buruh',	2000000,	6000000,	'pendek',	'HONDA',	'matic',	2014,	' 1.2JT - 2JT',	' < 10JT',	'Layak'),
(343,	'RAKHMAYANTI',	'produktif',	'Bumijawa',	'Buruh',	2100000,	4000000,	'pendek',	'HONDA',	'matic',	2012,	' 2JT - 4.5JT',	' < 10JT',	'Layak'),
(344,	'ADAM DEDE MAULANA',	'produktif',	'Balapulang',	'Wiraswasta',	1800000,	2500000,	'pendek',	'HONDA',	'bebek',	2010,	' 1.2JT - 2JT',	' < 10JT',	'Layak'),
(345,	'MAEMUNAH',	'lansia akhir',	'Kesuben',	'Petani',	1800000,	2500000,	'pendek',	'HONDA',	'matic',	2012,	' 1.2JT - 2JT',	' < 10JT',	'Tidak Layak'),
(346,	'ERWIN KURNIAWAN',	'produktif',	'Lebaksiu',	'Pedagang',	3500000,	9500000,	'pendek',	'KAWASAKI',	'KLX',	2017,	' 2JT - 4.5JT',	' < 10JT',	'Layak'),
(347,	'SITI KORIAH',	'produktif',	'Bumijawa',	'Buruh',	2000000,	6500000,	'pendek',	'YAMAHA',	'standard',	2014,	' 1.2JT - 2JT',	' < 10JT',	'Layak'),
(348,	'MASUIDN',	'produktif',	'Pamiritan',	'Buruh',	2000000,	9500000,	'sedang',	'YAMAHA',	'matic',	2018,	' 1.2JT - 2JT',	' < 10JT',	'Layak'),
(349,	'MAFTUKHA',	'produktif',	'Bumijawa',	'Pedagang',	2500000,	9500000,	'pendek',	'YAMAHA',	'sport',	2016,	' 2JT - 4.5JT',	' < 10JT',	'Layak'),
(350,	'IMAM SARJONO',	'lansia awal',	'Bumijawa',	'Petani',	1500000,	4000000,	'pendek',	'HONDA',	'sport',	2014,	' 1.2JT - 2JT',	' < 10JT',	'Layak'),
(351,	'SITI MUNWIYATI',	'lansia awal',	'Kesuben',	'Ibu Rumah Tangga',	2000000,	4000000,	'pendek',	'HONDA',	'matic',	2013,	' 1.2JT - 2JT',	' < 10JT',	'Layak'),
(352,	'AHMAD DIKRO',	'lansia awal',	'Bojong',	'Pedagang',	2500000,	7500000,	'pendek',	'HONDA',	'matic',	2017,	' 2JT - 4.5JT',	' < 10JT',	'Layak'),
(353,	'EKA SURYANI',	'produktif',	'Bojong',	'Petani',	1500000,	3000000,	'pendek',	'YAMAHA',	'bebek',	2014,	' 1.2JT - 2JT',	' < 10JT',	'Layak'),
(354,	'NUROKHMAN',	'lansia awal',	'Kesuben',	'Pedagang',	2000000,	3000000,	'pendek',	'HONDA',	'matic',	2013,	' 1.2JT - 2JT',	' < 10JT',	'Layak'),
(355,	'INDRIARTI',	'produktif',	'Buniwah',	'Buruh',	2000000,	5000000,	'pendek',	'HONDA',	'matic',	2016,	' 1.2JT - 2JT',	' < 10JT',	'Layak'),
(356,	'ENDANG KUSNAENI',	'produktif',	'Buniwah',	'Buruh',	2000000,	7500000,	'pendek',	'HONDA',	'matic',	2017,	' 1.2JT - 2JT',	' < 10JT',	'Tidak Layak'),
(357,	'TAID',	'lansia awal',	'Bumijawa',	'Petani',	2100000,	30000000,	'sedang',	'TOYOTA',	'AVANZA',	2014,	' 2JT - 4.5JT',	' 10JT - 50JT',	'Layak'),
(358,	'PURWATI',	'lansia awal',	'Balapulang',	'Buruh',	2000000,	3900000,	'pendek',	'HONDA',	'matic',	2013,	' 1.2JT - 2JT',	' < 10JT',	'Layak'),
(359,	'JANA',	'lansia awal',	'Batuagung',	'Wiraswasta',	1800000,	2700000,	'pendek',	'HONDA',	'bebek',	2011,	' 1.2JT - 2JT',	' < 10JT',	'Layak'),
(360,	'ETI KHERIYATI',	'produktif',	'Kesuben',	'Ibu Rumah Tangga',	1500000,	2450000,	'pendek',	'YAMAHA',	'matic',	2015,	' 1.2JT - 2JT',	' < 10JT',	'Layak'),
(361,	'SAADAH',	'produktif',	'Kesuben',	'Buruh',	1500000,	5000000,	'pendek',	'HONDA',	'matic',	2014,	' 1.2JT - 2JT',	' < 10JT',	'Layak'),
(362,	'SERUROH',	'lansia awal',	'Kesuben',	'Buruh',	2000000,	6500000,	'pendek',	'HONDA',	'matic',	2016,	' 1.2JT - 2JT',	' < 10JT',	'Tidak Layak'),
(363,	'AFIAH SALIM',	'produktif',	'Balapulang',	'Pedagang',	2500000,	7700000,	'pendek',	'SUZUKI',	'ST100',	1995,	' 2JT - 4.5JT',	' < 10JT',	'Layak'),
(364,	'IBNU MUAMAR',	'produktif',	'Kesuben',	'Wiraswasta',	1900000,	10000000,	'sedang',	'YAMAHA',	'matic',	2017,	' 1.2JT - 2JT',	' < 10JT',	'Tidak Layak'),
(365,	'TIKA SILMIYA',	'produktif',	'Balapulang',	'Buruh',	2000000,	4000000,	'pendek',	'YAMAHA',	'matic',	2017,	' 1.2JT - 2JT',	' < 10JT',	'Layak'),
(366,	'NELI HERLINA',	'produktif',	'Balaradin',	'Buruh',	2000000,	5000000,	'pendek',	'KAWASAKI',	'sport',	2012,	' 1.2JT - 2JT',	' < 10JT',	'Layak'),
(367,	'ANTIKA RIZKIANI',	'produktif',	'Balaradin',	'Wiraswasta',	1800000,	10000000,	'sedang',	'HONDA',	'matic',	2019,	' 1.2JT - 2JT',	' < 10JT',	'Layak'),
(368,	'ASTUTI',	'produktif',	'Cikura',	'Pedagang',	5000000,	20000000,	'sedang',	'TOYOTA',	'RUSH ',	2018,	' 4.5JT - 10JT',	' 10JT - 50JT',	'Layak'),
(369,	'ANE MUSTAKORINA',	'produktif',	'Buniwah',	'Wiraswasta',	1500000,	4000000,	'pendek',	'YAMAHA',	'matic',	2014,	' 1.2JT - 2JT',	' < 10JT',	'Layak'),
(370,	'SUGINO',	'lansia awal',	'Danasari',	'Buruh',	2000000,	2000000,	'pendek',	'YAMAHA',	'sport',	2011,	' 1.2JT - 2JT',	' < 10JT',	'Layak'),
(371,	'M RIPAN',	'produktif',	'Bojong',	'Buruh',	2000000,	5000000,	'pendek',	'HONDA',	'matic',	2018,	' 1.2JT - 2JT',	' < 10JT',	'Layak'),
(372,	'KHAERONI',	'produktif',	'Balapulang',	'Buruh',	2000000,	5500000,	'pendek',	'HONDA',	'matic',	2013,	' 1.2JT - 2JT',	' < 10JT',	'Layak'),
(373,	'SOHIBI',	'lansia awal',	'Bumijawa',	'Petani',	1500000,	3000000,	'pendek',	'HONDA',	'matic',	2013,	' 1.2JT - 2JT',	' < 10JT',	'Layak'),
(374,	'TISWANTO',	'lansia awal',	'Bumijawa',	'Petani',	2000000,	6000000,	'pendek',	'HONDA',	'matic',	2015,	' 1.2JT - 2JT',	' < 10JT',	'Layak'),
(375,	'KHOMISAH ',	'lansia awal',	'Balapulang',	'Buruh',	2000000,	1500000,	'pendek',	'HONDA',	'matic',	2014,	' 1.2JT - 2JT',	' < 10JT',	'Layak'),
(376,	'HENDRA SETIAWAN ',	'produktif',	'Bojong',	'wiraswasta',	1900000,	6000000,	'pendek',	'HONDA',	'matic',	2017,	' 1.2JT - 2JT',	' < 10JT',	'Tidak Layak'),
(377,	'IDA ROCHAYATI',	'lansia awal',	'Kesuben',	'Pedagang',	2000000,	4500000,	'pendek',	'HONDA',	'matic',	2014,	' 1.2JT - 2JT',	' < 10JT',	'Layak'),
(378,	'YUSUF BAHTIAR ',	'produktif',	'Balaradin',	'Pedagang',	2500000,	6000000,	'pendek',	'HONDA',	'matic',	2014,	' 2JT - 4.5JT',	' < 10JT',	'Layak'),
(379,	'BADRUDIN ',	'lansia awal',	'Bojong',	'Petani',	1500000,	3500000,	'pendek',	'YAMAHA',	'matic',	2010,	' 1.2JT - 2JT',	' < 10JT',	'Layak'),
(380,	'HARTATI ',	'lansia awal',	'Kesuben',	'Pedagang',	250000,	7000000,	'pendek',	'HONDA',	'matic',	2016,	' < 1.2JT',	' < 10JT',	'Layak'),
(381,	'SLAMET',	'lansia awal',	'Buniwah',	'Petani',	2000000,	5800000,	'pendek',	'HONDA',	'bebek',	2013,	' 1.2JT - 2JT',	' < 10JT',	'Layak'),
(382,	'YESI DWI ANGGRAENI',	'produktif',	'Banjaranyar',	'Buruh',	2000000,	7500000,	'pendek',	'HONDA',	'matic',	2018,	' 1.2JT - 2JT',	' < 10JT',	'Layak'),
(383,	'APRILIA DWIYANTI',	'produktif',	'Banjaranyar',	'Buruh',	2000000,	2800000,	'pendek',	'HONDA',	'matic',	2013,	' 1.2JT - 2JT',	' < 10JT',	'Layak'),
(384,	'AGUS RIANTO',	'produktif',	'Balapulang',	'Buruh',	1500000,	3000000,	'pendek',	'HONDA',	'matic',	2014,	' 1.2JT - 2JT',	' < 10JT',	'Layak'),
(385,	'SURITNO',	'lansia awal',	'Bumijawa',	'Petani',	2000000,	5850000,	'pendek',	'HONDA',	'standard',	2016,	' 1.2JT - 2JT',	' < 10JT',	'Layak'),
(386,	'DARTO ',	'lansia awal',	'Bumijawa',	'Petani',	2000000,	2900000,	'pendek',	'YAMAHA',	'standard',	2009,	' 1.2JT - 2JT',	' < 10JT',	'Layak'),
(387,	'TOINAH ',	'lansia awal',	'Balapulang',	'Petani',	2000000,	1800000,	'pendek',	'YAMAHA',	'bebek',	2008,	' 1.2JT - 2JT',	' < 10JT',	'Layak'),
(388,	'FATMAWATI',	'lansia awal',	'Bojong',	'Petani',	2000000,	3500000,	'pendek',	'HONDA',	'matic',	2010,	' 1.2JT - 2JT',	' < 10JT',	'Layak'),
(389,	'ROSIDIN',	'produktif',	'Kesuben',	'Pedagang',	3000000,	8000000,	'sedang',	'SUZUKI',	'FUTURA',	2015,	' 2JT - 4.5JT',	' < 10JT',	'Layak'),
(390,	'FAJAR MARIA SOENGKONO',	'produktif',	'Balapulang',	'Pedagang',	2500000,	4000000,	'pendek',	'HONDA',	'matic',	2013,	' 2JT - 4.5JT',	' < 10JT',	'Layak'),
(391,	'TUKHAERI',	'lansia awal',	'Balaradin',	'Buruh',	2000000,	4000000,	'pendek',	'YAMAHA',	'standard',	2011,	' 1.2JT - 2JT',	' < 10JT',	'Layak'),
(392,	'SAAD ',	'lansia awal',	'Balapulang',	'Petani',	2000000,	3700000,	'pendek',	'HONDA',	'sport',	2011,	' 1.2JT - 2JT',	' < 10JT',	'Layak'),
(393,	'MUMININ',	'lansia awal',	'Muncalarang',	'Petani',	2100000,	5500000,	'pendek',	'HONDA',	'matic',	2014,	' 2JT - 4.5JT',	' < 10JT',	'Layak'),
(394,	'MUHIDIN',	'lansia awal',	'Bumijawa',	'Petani',	2000000,	7500000,	'pendek',	'HONDA',	'matic',	2018,	' 1.2JT - 2JT',	' < 10JT',	'Layak'),
(395,	'DWI YANTO',	'lansia awal',	'Banjaranyar',	'Pedagang',	2000000,	6500000,	'pendek',	'HONDA',	'matic',	2016,	' 1.2JT - 2JT',	' < 10JT',	'Layak'),
(396,	'WALIDI',	'lansia awal',	'Bojong',	'Pedagang',	3000000,	12000000,	'pendek',	'KAWASAKI',	'sport',	2012,	' 2JT - 4.5JT',	' 10JT - 50JT',	'Layak'),
(397,	'TANINGSIH',	'lansia awal',	'Bojong',	'Petani',	2000000,	4000000,	'pendek',	'HONDA',	'matic',	2012,	' 1.2JT - 2JT',	' < 10JT',	'Layak'),
(398,	'DEWI FATAYATUN',	'produktif',	'Kaliwungu',	'Pedagang',	35000000,	8000000,	'pendek',	'HONDA',	'matic',	2017,	' > 10JT',	' < 10JT',	'Layak'),
(399,	'SUSMANTO',	'lansia awal',	'Danasari',	'Buruh',	1500000,	3000000,	'pendek',	'HONDA',	'bebek',	2010,	' 1.2JT - 2JT',	' < 10JT',	'Layak'),
(400,	'SAIKHU',	'lansia awal',	'Kesuben',	'Pedagang',	2000000,	3000000,	'pendek',	'HONDA',	'matic',	2009,	' 1.2JT - 2JT',	' < 10JT',	'Layak'),
(401,	'DARYANTO',	'lansia awal',	'Balapulang',	'Pedagang',	5000000,	17000000,	'sedang',	'TOYOTA',	'AVANZA',	2016,	' 4.5JT - 10JT',	' 10JT - 50JT',	'Layak'),
(402,	'UMIYATUN ',	'produktif',	'Danasari',	'Buruh',	2000000,	5500000,	'pendek',	'HONDA',	'matic',	2014,	' 1.2JT - 2JT',	' < 10JT',	'Layak'),
(403,	'DARYO ',	'produktif',	'Balapulang',	'Pedagang',	3000000,	4300000,	'pendek',	'HONDA',	'matic',	2013,	' 2JT - 4.5JT',	' < 10JT',	'Layak'),
(404,	'MUHAMAD IMAM ',	'produktif',	'Balapulang',	'Buruh',	2000000,	1000000,	'pendek',	'HONDA',	'matic',	2010,	' 1.2JT - 2JT',	' < 10JT',	'Layak'),
(405,	'RINA ASTUTI',	'produktif',	'Balaradin',	'Buruh',	2000000,	6000000,	'pendek',	'HONDA',	'matic',	2016,	' 1.2JT - 2JT',	' < 10JT',	'Layak'),
(406,	'ABU BAKAR',	'lansia awal',	'Buniwah',	'Petani',	2000000,	6000000,	'pendek',	'HONDA',	'matic',	2015,	' 1.2JT - 2JT',	' < 10JT',	'Layak'),
(407,	'SODIKIN',	'lansia awal',	'Buniwah',	'Petani',	2000000,	3500000,	'pendek',	'HONDA',	'matic',	2011,	' 1.2JT - 2JT',	' < 10JT',	'Layak'),
(408,	'IKHSAN FAUZI',	'produktif',	'Batuagung',	'Wiraswasta',	1800000,	8500000,	'pendek',	'HONDA',	'matic',	2016,	' 1.2JT - 2JT',	' < 10JT',	'Tidak Layak'),
(409,	'SUMANTO',	'produktif',	'Kesuben',	'Pedagang',	3500000,	7500000,	'pendek',	'YAMAHA',	'standard',	2014,	' 2JT - 4.5JT',	' < 10JT',	'Layak'),
(410,	'A ALI FAOZAN',	'produktif',	'Kesuben',	'Buruh',	2000000,	5000000,	'pendek',	'HONDA',	'matic',	2015,	' 1.2JT - 2JT',	' < 10JT',	'Layak'),
(411,	'FATKHUL AMIN',	'lansia awal',	'Bumijawa',	'Petani',	2000000,	6000000,	'pendek',	'HONDA',	'matic',	2015,	' 1.2JT - 2JT',	' < 10JT',	'Layak'),
(412,	'JUNARYO',	'produktif',	'Bumijawa',	'Buruh',	2100000,	5000000,	'pendek',	'HONDA',	'STREAM',	2004,	' 2JT - 4.5JT',	' < 10JT',	'Layak'),
(413,	'IBNU MUAMAR',	'produktif',	'Kesuben',	'Wiraswasta',	2000000,	6500000,	'pendek',	'HONDA',	'matic',	2014,	' 1.2JT - 2JT',	' < 10JT',	'Layak'),
(414,	'ANGGIT PRATOMO',	'produktif',	'Kesuben',	'Wiraswasta',	2000000,	5000000,	'pendek',	'HONDA',	'bebek',	2015,	' 1.2JT - 2JT',	' < 10JT',	'Layak'),
(415,	'TASRONI',	'produktif',	'Balapulang',	'Pedagang',	2500000,	3700000,	'pendek',	' HONDA ',	'matic',	2015,	' 2JT - 4.5JT',	' < 10JT',	'Layak'),
(416,	'DARSO ',	'lansia awal',	'Bojong',	'Buruh',	1500000,	7900000,	'pendek',	' YAMAHA ',	'standard',	2015,	' 1.2JT - 2JT',	' < 10JT',	'Tidak Layak'),
(417,	'KAMAL UKI',	'produktif',	'Bojong',	'Wiraswasta',	1500000,	7000000,	'pendek',	' HONDA ',	'matic',	2010,	' 1.2JT - 2JT',	' < 10JT',	'Tidak Layak'),
(418,	'DIMAS WIDIYANTO',	'produktif',	'Pamiritan',	'Wiraswasta',	2000000,	5800000,	'pendek',	'HONDA',	'matic',	2014,	' 1.2JT - 2JT',	' < 10JT',	'Layak'),
(419,	'HERLINA WATI',	'produktif',	'Banjaranyar',	'Wiraswasta',	2000000,	4500000,	'pendek',	'HONDA',	'matic',	2014,	' 1.2JT - 2JT',	' < 10JT',	'Layak'),
(420,	'SOLEKHUDIN',	'produktif',	'Bumijawa',	'Buruh',	1800000,	4900000,	'pendek',	'YAMAHA',	'bebek',	2014,	' 1.2JT - 2JT',	' < 10JT',	'Layak'),
(421,	'NUR SUCI MARETA',	'lansia awal',	'Bumijawa',	'Petani',	2500000,	10000000,	'pendek',	'KAWASAKI',	'sport',	2015,	' 2JT - 4.5JT',	' < 10JT',	'Layak'),
(422,	'ADI SAPUTRA',	'produktif',	'Bumijawa',	'Wiraswasta',	1800000,	7000000,	'pendek',	'HONDA',	'sport',	2016,	' 1.2JT - 2JT',	' < 10JT',	'Tidak Layak'),
(423,	'SRI WIYATI',	'lansia awal',	'Bumijawa',	'Buruh',	2100000,	3000000,	'pendek',	'HONDA',	'matic',	2019,	' 2JT - 4.5JT',	' < 10JT',	'Layak'),
(424,	'ASPURI',	'lansia awal',	'Balapulang',	'Petani',	1800000,	2500000,	'pendek',	'HONDA',	'matic',	2011,	' 1.2JT - 2JT',	' < 10JT',	'Layak'),
(425,	'MOH UNTUNG',	'lansia awal',	'Balapulang',	'Petani',	1800000,	2500000,	'pendek',	'HONDA',	'matic',	2013,	' 1.2JT - 2JT',	' < 10JT',	'Layak'),
(426,	'SUYANTO',	'lansia awal',	'Balaradin',	'Petani',	2100000,	4000000,	'pendek',	'YAMAHA',	'bebek',	2015,	' 2JT - 4.5JT',	' < 10JT',	'Layak'),
(427,	'ALIVIA ADILA',	'produktif',	'Banjaranyar',	'Buruh',	2000000,	4750000,	'pendek',	'YAMAHA',	'matic',	2014,	' 1.2JT - 2JT',	' < 10JT',	'Layak'),
(428,	'MUNDIROH',	'lansia awal',	'Buniwah',	'Buruh',	2100000,	5000000,	'pendek',	'HONDA',	'matic',	2014,	' 2JT - 4.5JT',	' < 10JT',	'Layak'),
(429,	'RINI NUR AFRIANI',	'produktif',	'Balaradin',	'Wiraswasta',	2000000,	8000000,	'pendek',	'HONDA',	'matic',	2017,	' 1.2JT - 2JT',	' < 10JT',	'Layak'),
(430,	'SITI KOMARIYAH',	'produktif',	'Kesuben',	'Buruh',	2000000,	6000000,	'pendek',	'HONDA',	'matic',	2019,	' 1.2JT - 2JT',	' < 10JT',	'Layak'),
(431,	'TEGA WATI',	'produktif',	'Kesuben',	'Buruh',	2000000,	5000000,	'pendek',	'HONDA',	'matic',	2012,	' 1.2JT - 2JT',	' < 10JT',	'Layak'),
(432,	'SATRIO DWI AJI PANGESTU',	'produktif',	'Balapulang',	'Pedagang',	2500000,	7000000,	'pendek',	'HONDA',	'matic',	2018,	' 2JT - 4.5JT',	' < 10JT',	'Layak'),
(433,	'ROJIKIN',	'produktif',	'Kesuben',	'Buruh',	2000000,	9000000,	'pendek',	'KAWASAKI',	'sport',	2013,	' 1.2JT - 2JT',	' < 10JT',	'Tidak Layak'),
(434,	'WASITO',	'produktif',	'Bumijawa',	'Pedagang',	3000000,	8000000,	'sedang',	'HONDA',	'matic',	2016,	' 2JT - 4.5JT',	' < 10JT',	'Layak'),
(435,	'DEWI RANTI',	'lansia awal',	'Balaradin',	'Pedagang',	2000000,	5500000,	'pendek',	'YAMAHA',	'standard',	2017,	' 1.2JT - 2JT',	' < 10JT',	'Layak'),
(436,	'DAIMAN',	'produktif',	'Balapulang',	'Wiraswasta',	1800000,	7000000,	'pendek',	'YAMAHA',	'standard',	2013,	' 1.2JT - 2JT',	' < 10JT',	'Layak'),
(437,	'SUMYATI ',	'lansia awal',	'Batuagung',	'Petani',	1500000,	6500000,	'pendek',	'HONDA',	'matic',	2016,	' 1.2JT - 2JT',	' < 10JT',	'Tidak Layak'),
(438,	'IMAMUDIN',	'produktif',	'Kesuben',	'Buruh',	2000000,	6500000,	'pendek',	'HONDA',	'sport',	2014,	' 1.2JT - 2JT',	' < 10JT',	'Layak'),
(439,	'ROAEMAH',	'lansia awal',	'Kesuben',	'Pedagang',	1500000,	2300000,	'pendek',	'HONDA',	'matic',	2013,	' 1.2JT - 2JT',	' < 10JT',	'Layak'),
(440,	'ALI SOMAL HADI',	'produktif',	'Balaradin',	'Buruh',	2000000,	4000000,	'pendek',	'HONDA',	'matic',	2012,	' 1.2JT - 2JT',	' < 10JT',	'Layak'),
(441,	'AGUNG WIRA SUNARYA',	'produktif',	'Kesuben',	'Buruh',	1500000,	2500000,	'pendek',	'HONDA',	'matic',	2012,	' 1.2JT - 2JT',	' < 10JT',	'Layak'),
(442,	'ROKHMAT',	'produktif',	'Bumijawa',	'Petani',	1500000,	3000000,	'pendek',	'HONDA',	'matic',	2012,	' 1.2JT - 2JT',	' < 10JT',	'Layak'),
(443,	'MIRNA FIRMANIYATI',	'produktif',	'Bumijawa',	'Petani',	1500000,	4500000,	'pendek',	'HONDA',	'matic',	2010,	' 1.2JT - 2JT',	' < 10JT',	'Layak'),
(444,	'ANDI TURYANTO',	'produktif',	'Bojong',	'Wiraswasta',	1500000,	2000000,	'pendek',	'HONDA',	'standard',	2014,	' 1.2JT - 2JT',	' < 10JT',	'Layak'),
(445,	'DARSINI',	'lansia awal',	'Bojong',	'Petani',	1500000,	2000000,	'pendek',	'HONDA',	'standard',	2014,	' 1.2JT - 2JT',	' < 10JT',	'Layak'),
(446,	'CIPTO SUGIARTO',	'produktif',	'Kaliwungu',	'Buruh',	1800000,	5000000,	'pendek',	'HONDA',	'matic',	2015,	' 1.2JT - 2JT',	' < 10JT',	'Layak'),
(447,	'RATMONO',	'lansia awal',	'Kaliwungu',	'Buruh',	1800000,	2500000,	'pendek',	'YAMAHA',	'matic',	2015,	' 1.2JT - 2JT',	' < 10JT',	'Layak'),
(448,	'DAIMAH',	'lansia awal',	'Bumijawa',	'Petani',	1800000,	5550000,	'pendek',	'HONDA',	'matic',	2016,	' 1.2JT - 2JT',	' < 10JT',	'Tidak Layak'),
(449,	'SUROYO',	'produktif',	'Bojong',	'Pedagang',	2000000,	5000000,	'pendek',	'HONDA',	'matic',	2015,	' 1.2JT - 2JT',	' < 10JT',	'Layak'),
(450,	'M SOLEH',	'produktif',	'Bojong',	'Pedagang',	2500000,	6000000,	'pendek',	'HONDA',	'matic',	2018,	' 2JT - 4.5JT',	' < 10JT',	'Layak'),
(451,	'TAKHUSIPAH',	'lansia awal',	'Bukateja',	'Petani',	1500000,	5500000,	'pendek',	'HONDA',	'matic',	2013,	' 1.2JT - 2JT',	' < 10JT',	'Layak'),
(452,	'ABDUL MUJIB DOANA',	'produktif',	'Lebaksiu',	'Buruh',	1500000,	2000000,	'pendek',	'SUZUKI',	'standard',	2013,	' 1.2JT - 2JT',	' < 10JT',	'Layak'),
(453,	'NURLAELA',	'lansia awal',	'Kesuben',	'Pedagang',	1500000,	2750000,	'pendek',	'HONDA',	'bebek',	2015,	' 1.2JT - 2JT',	' < 10JT',	'Tidak Layak'),
(454,	'IDHAM JUHENI',	'produktif',	'Bojong',	'Buruh',	1500000,	2800000,	'pendek',	'YAMAHA',	'bebek',	2013,	' 1.2JT - 2JT',	' < 10JT',	'Layak'),
(455,	'AMINUDIN',	'produktif',	'Kesuben ',	'Supir',	3000000,	3000000,	'pendek',	'HONDA',	'matic',	2012,	' 2JT - 4.5JT',	' < 10JT',	'Tidak Layak'),
(456,	'DICKY FAKHRIANSYAH',	'produktif',	'Bojong',	'Wiraswasta',	1800000,	3500000,	'pendek',	'YAMAHA',	'standard',	2011,	' 1.2JT - 2JT',	' < 10JT',	'Layak'),
(457,	'MUHENI UZER',	'produktif',	'Kesuben',	'Pedagang',	2000000,	5000000,	'pendek',	'HONDA',	'matic',	2012,	' 1.2JT - 2JT',	' < 10JT',	'Layak'),
(458,	'KAMILIN',	'produktif',	'Batuagung',	'Petani',	1500000,	6000000,	'pendek',	'HONDA',	'matic',	2015,	' 1.2JT - 2JT',	' < 10JT',	'Layak'),
(459,	'DESI MUSTIKA',	'produktif',	'Balapulang',	'Petani',	1500000,	2700000,	'pendek',	'HONDA',	'standard',	2009,	' 1.2JT - 2JT',	' < 10JT',	'Layak'),
(460,	'BUDIHARTO',	'lansia awal',	'Balapulang',	'Petani',	1500000,	5500000,	'pendek',	'HONDA',	'matic',	2017,	' 1.2JT - 2JT',	' < 10JT',	'Tidak Layak'),
(461,	'EVAN YUSZIANTO',	'produktif',	'Lebaksiu',	'Wiraswasta',	2100000,	11000000,	'pendek',	'HONDA',	'matic',	2018,	' 2JT - 4.5JT',	' 10JT - 50JT',	'Layak'),
(462,	'WASKINAH',	'lansia akhir',	'Lebaksiu',	'Ibu Rumah Tangga',	1500000,	7500000,	'pendek',	'HONDA',	'matic',	2017,	' 1.2JT - 2JT',	' < 10JT',	'Tidak Layak'),
(463,	'KHALIPAH',	'produktif',	'Bumijawa',	'Petani',	2100000,	4000000,	'pendek',	'YAMAHA',	'bebek',	2014,	' 2JT - 4.5JT',	' < 10JT',	'Layak'),
(464,	'WAIDIN',	'produktif',	'Bumijawa',	'Petani',	2100000,	8000000,	'pendek',	'YAMAHA',	'standard',	2017,	' 2JT - 4.5JT',	' < 10JT',	'Layak'),
(465,	'SURISTO',	'lansia awal',	'Balapulang',	'Pedagang',	5000000,	28000000,	'sedang',	'MITSUBISHI',	'L300',	2005,	' 4.5JT - 10JT',	' 10JT - 50JT',	'Tidak Layak'),
(466,	'SUNERI',	'produktif',	'Balapulang',	'Buruh',	2100000,	5550000,	'pendek',	'HONDA',	'bebek',	2014,	' 2JT - 4.5JT',	' < 10JT',	'Tidak Layak'),
(467,	'SURIPTO',	'produktif',	'Banjaranyar',	'Buruh',	2100000,	5500000,	'pendek',	' YAMAHA ',	'matic',	2018,	' 2JT - 4.5JT',	' < 10JT',	'Tidak Layak'),
(468,	'ATIKAH',	'produktif',	'Bojong',	'Wiraswasta',	1800000,	4000000,	'pendek',	'HONDA',	'matic',	2010,	' 1.2JT - 2JT',	' < 10JT',	'Layak'),
(469,	'KUSMARI',	'lansia awal',	'Kajen',	'Pedagang',	2500000,	2500000,	'pendek',	'HONDA',	'bebek',	2012,	' 2JT - 4.5JT',	' < 10JT',	'Layak'),
(470,	'KHOMISAH',	'lansia awal',	'Kajen',	'Pedagang',	3000000,	5000000,	'pendek',	'HONDA',	'matic',	2015,	' 2JT - 4.5JT',	' < 10JT',	'Layak'),
(471,	'UNTUNG RAHARJO',	'produktif',	'Lebaksiu',	'Pedagang',	2500000,	3350000,	'pendek',	'HONDA',	'bebek',	2012,	' 2JT - 4.5JT',	' < 10JT',	'Tidak Layak'),
(472,	'MUSTOPO',	'lansia awal',	'Balaradin',	'Petani',	2000000,	4500000,	'pendek',	'HONDA',	'bebek',	2013,	' 1.2JT - 2JT',	' < 10JT',	'Layak'),
(473,	'TARUNI',	'lansia akhir',	'Muncalarang',	'Petani',	1500000,	6000000,	'pendek',	'HONDA',	'matic',	2016,	' 1.2JT - 2JT',	' < 10JT',	'Tidak Layak'),
(474,	'HERMAN FELANI',	'produktif',	'Kesuben',	'Buruh',	2000000,	5500000,	'sedang',	'HONDA',	'matic',	2016,	' 1.2JT - 2JT',	' < 10JT',	'Layak'),
(475,	'NUR FAJRIYAH',	'produktif',	'Kesuben',	'Wiraswasta',	2000000,	9000000,	'sedang',	'HONDA',	'matic',	2016,	' 1.2JT - 2JT',	' < 10JT',	'Tidak Layak'),
(476,	'SUTARSO',	'lansia awal',	'Balapulang',	'Buruh',	2100000,	3150000,	'pendek',	'HONDA',	'matic',	2014,	' 2JT - 4.5JT',	' < 10JT',	'Layak'),
(477,	'HERY PEBRIYANTO',	'produktif',	'Balaradin',	'Wiraswasta',	1800000,	3000000,	'pendek',	'HONDA',	'bebek',	2009,	' 1.2JT - 2JT',	' < 10JT',	'Layak'),
(478,	'WAGYO',	'lansia awal',	'Lebaksiu',	'Pedagang',	4000000,	6000000,	'pendek',	'HONDA',	'standard',	2016,	' 2JT - 4.5JT',	' < 10JT',	'Layak'),
(479,	'MUDRI',	'produktif',	'Kajen',	'Pedagang',	3500000,	3000000,	'pendek',	'HONDA',	'standard',	2013,	' 2JT - 4.5JT',	' < 10JT',	'Layak'),
(480,	'SIROD',	'lansia akhir',	'Kesuben',	'Petani',	1800000,	6000000,	'pendek',	'HONDA',	'matic',	2014,	' 1.2JT - 2JT',	' < 10JT',	'Tidak Layak'),
(481,	'NARULI TASARI',	'produktif',	'Pamiritan',	'Buruh',	2000000,	7500000,	'pendek',	'HONDA',	'matic',	2019,	' 1.2JT - 2JT',	' < 10JT',	'Layak'),
(482,	'NIA ASTUTI ULWIYAH',	'produktif',	'Kesuben',	'Wiraswasta',	1800000,	2500000,	'pendek',	'HONDA',	'bebek',	2011,	' 1.2JT - 2JT',	' < 10JT',	'Layak'),
(483,	'MOH ALI TOHARO',	'produktif',	'Banjaranyar',	'Wiraswasta',	1800000,	8500000,	'pendek',	'HONDA',	'matic',	2015,	' 1.2JT - 2JT',	' < 10JT',	'Tidak Layak'),
(484,	'SLAMET',	'lansia awal',	'Pamiritan',	'Buruh',	2100000,	3000000,	'pendek',	'HONDA',	'bebek',	2014,	' 2JT - 4.5JT',	' < 10JT',	'Layak'),
(485,	'FATIKHA ',	'lansia awal',	'Balapulang',	'Buruh',	2100000,	5300000,	'pendek',	'SUZUKI',	'standard',	2015,	' 2JT - 4.5JT',	' < 10JT',	'Tidak Layak'),
(486,	'WASTORI',	'produktif',	'Balaradin',	'Petani',	1500000,	5000000,	'pendek',	'HONDA',	'matic',	2014,	' 1.2JT - 2JT',	' < 10JT',	'Layak'),
(487,	'SANDI WIBOWO',	'produktif',	'Bojong',	'Petani',	1600000,	5000000,	'pendek',	'YAMAHA',	'sport',	2012,	' 1.2JT - 2JT',	' < 10JT',	'Layak'),
(488,	'WASITO',	'lansia awal',	'Bumijawa',	'Petani',	1500000,	2000000,	'pendek',	'HONDA',	'bebek',	2013,	' 1.2JT - 2JT',	' < 10JT',	'Layak'),
(489,	'AZIZAH',	'produktif',	'Banjaranyar',	'Wiraswasta',	1900000,	3000000,	'pendek',	'HONDA',	'matic',	2014,	' 1.2JT - 2JT',	' < 10JT',	'Layak'),
(490,	'GALIH PURWOKO',	'produktif',	'Buniwah',	'Wiraswasta',	1800000,	9000000,	'pendek',	'MITSUBISHI',	'ST 120',	1995,	' 1.2JT - 2JT',	' < 10JT',	'Tidak Layak'),
(491,	'BUDIYANTO',	'produktif',	'Bojong',	'Petani',	1600000,	2000000,	'pendek',	'HONDA',	'bebek',	2011,	' 1.2JT - 2JT',	' < 10JT',	'Layak'),
(492,	'FARIJAL UMAR',	'produktif',	'Balaradin',	'Pedagang',	2500000,	2500000,	'pendek',	'YAMAHA',	'standard',	2015,	' 2JT - 4.5JT',	' < 10JT',	'Layak'),
(493,	'NASIKUN',	'produktif',	'Balaradin',	'Buruh',	2500000,	3900000,	'pendek',	'HONDA',	'standard',	2009,	' 2JT - 4.5JT',	' < 10JT',	'Layak'),
(494,	'NAPSIYAH',	'produktif',	'Bojong',	'Pedagang',	2100000,	2650000,	'pendek',	'HONDA',	'bebek',	2010,	' 2JT - 4.5JT',	' < 10JT',	'Tidak Layak'),
(495,	'DILAN SINATRA',	'produktif',	'Bojong',	'Buruh',	2500000,	2900000,	'pendek',	'HONDA',	'matic',	2015,	' 2JT - 4.5JT',	' < 10JT',	'Layak'),
(496,	'HAYATI BUDI UTAMI',	'produktif',	'Lebaksiu',	'Pedagang',	2000000,	4000000,	'pendek',	'HONDA',	'standard',	2013,	' 1.2JT - 2JT',	' < 10JT',	'Layak'),
(497,	'DIRYO',	'produktif',	'Lebaksiu',	'Petani',	1800000,	2500000,	'pendek',	'HONDA',	'standard',	2008,	' 1.2JT - 2JT',	' < 10JT',	'Layak'),
(498,	'AHMAD KHAMDANI MUMAZAK TK 100.000',	'',	'Balapulang',	'Wiraswasta',	2100000,	7000000,	'pendek',	'HONDA',	'matic',	2017,	' 2JT - 4.5JT',	' < 10JT',	'Tidak Layak'),
(499,	'DARNO',	'lansia awal',	'Bojong',	'Buruh',	1500000,	5000000,	'pendek',	'HONDA',	'matic',	2014,	' 1.2JT - 2JT',	' < 10JT',	'Layak'),
(500,	'RUSWANTO',	'lansia awal',	'Pamiritan',	'Buruh',	2100000,	6500000,	'pendek',	'HONDA',	'matic',	2014,	' 2JT - 4.5JT',	' < 10JT',	'Layak'),
(501,	'FATIMAH ',	'lansia awal',	'Kesuben',	'Ibu Rumah Tangga',	1000000,	4300000,	'pendek',	'HONDA',	'standard',	2009,	' < 1.2JT',	' < 10JT',	'Layak'),
(502,	'RASJO ',	'lansia awal',	'Banjaranyar',	'Buruh',	1500000,	1120000,	'pendek',	'SUZUKI',	'bebek',	2008,	' 1.2JT - 2JT',	' < 10JT',	'Tidak Layak'),
(503,	'SAFRUDIN ',	'produktif',	'Balapulang',	'Buruh',	2100000,	4050000,	'pendek',	'HONDA',	'matic',	2013,	' 2JT - 4.5JT',	' < 10JT',	'Tidak Layak'),
(504,	'SLAMET ',	'lansia awal',	'Kesuben',	'Buruh',	2100000,	4200000,	'pendek',	'YAMAHA',	'standard',	2011,	' 2JT - 4.5JT',	' < 10JT',	'Tidak Layak'),
(505,	'MUH MIHSANUL AFPANDI',	'produktif',	'Kajen',	'Wiraswasta',	1800000,	5800000,	'pendek',	'HONDA',	'matic',	2015,	' 1.2JT - 2JT',	' < 10JT',	'Layak'),
(506,	'SUWITO ',	'lansia akhir',	'Bojong',	'Buruh',	1500000,	4500000,	'pendek',	'YAMAHA',	'matic',	2014,	' 1.2JT - 2JT',	' < 10JT',	'Layak'),
(507,	'A SURIPIN ',	'produktif',	'Balapulang',	'Wiraswasta',	1900000,	5650000,	'pendek',	'YAMAHA',	'bebek',	2015,	' 1.2JT - 2JT',	' < 10JT',	'Tidak Layak');

DROP TABLE IF EXISTS `profil`;
CREATE TABLE `profil` (
  `id_profil` int(11) NOT NULL AUTO_INCREMENT,
  `nama_singkat` varchar(50) NOT NULL,
  `nama` varchar(50) NOT NULL,
  `logo` varchar(50) NOT NULL,
  `deskripsi` varchar(50) NOT NULL,
  `alamat` varchar(100) NOT NULL,
  `email` varchar(25) NOT NULL,
  `telepon` varchar(15) NOT NULL,
  `no_wa` varchar(10) NOT NULL,
  `facebook` varchar(10) NOT NULL,
  `instagram` varchar(10) NOT NULL,
  `twitter` varchar(10) NOT NULL,
  PRIMARY KEY (`id_profil`)
) ENGINE=InnoDB DEFAULT CHARSET=utf8mb4;

INSERT INTO `profil` (`id_profil`, `nama_singkat`, `nama`, `logo`, `deskripsi`, `alamat`, `email`, `telepon`, `no_wa`, `facebook`, `instagram`, `twitter`) VALUES
(1,	'KSP. B3',	'Koperasi Berkat Buana Bahari',	'logo.png',	'Official Website Koperasi Berkat Buana Bahari',	'Jl. Gatot Subroto, Slawi Kulon, Kec. Slawi, Tegal, Jawa Tengah 52419',	'admin@gmail.com',	'085641234321',	'0856412343',	'-',	'-',	'-');

DROP TABLE IF EXISTS `training`;
CREATE TABLE `training` (
  `id_training` int(10) NOT NULL AUTO_INCREMENT,
  `nama` varchar(50) NOT NULL,
  `umur` enum('produktif','lansia awal','lansia akhir') NOT NULL,
  `alamat` varchar(100) NOT NULL,
  `pekerjaan` varchar(50) NOT NULL,
  `pendapatan` int(10) NOT NULL,
  `pinjaman` int(10) NOT NULL,
  `jangka_waktu` enum('pendek','sedang','panjang') NOT NULL,
  `merk` varchar(20) NOT NULL,
  `type` varchar(20) NOT NULL,
  `tahun_jaminan` int(4) NOT NULL,
  `keterangan` varchar(15) NOT NULL,
  `ket_pendapatan` varchar(255) DEFAULT NULL,
  `ket_pinjaman` varchar(255) DEFAULT NULL,
  PRIMARY KEY (`id_training`)
) ENGINE=InnoDB DEFAULT CHARSET=latin1;

INSERT INTO `training` (`id_training`, `nama`, `umur`, `alamat`, `pekerjaan`, `pendapatan`, `pinjaman`, `jangka_waktu`, `merk`, `type`, `tahun_jaminan`, `keterangan`, `ket_pendapatan`, `ket_pinjaman`) VALUES
(2,	'MUJIIN',	'produktif',	'Kesuben',	'Buruh',	1500000,	3000000,	'pendek',	'YAMAHA',	'matic',	2015,	'Layak',	' 1.2JT - 2JT',	' < 10JT'),
(3,	'TRIAS YANUARI',	'produktif',	'Balaradin',	'Wiraswasta',	1800000,	6000000,	'pendek',	'YAMAHA',	'standard',	2014,	'Layak',	' 1.2JT - 2JT',	' < 10JT'),
(4,	'SUSMIYATI',	'produktif',	'Kesuben',	'Pedagang',	2100000,	10500000,	'pendek',	'HONDA',	'matic',	2018,	'Layak',	' 2JT - 4.5JT',	' 10JT - 50JT'),
(5,	'MASRURI',	'lansia awal',	'Kesuben',	'Petani',	2000000,	4500000,	'pendek',	'HONDA',	'matic',	2016,	'Layak',	' 1.2JT - 2JT',	' < 10JT'),
(6,	'JENAL',	'lansia akhir',	'Balaradin',	'Buruh',	1800000,	14000000,	'pendek',	'HONDA',	'sport',	2017,	'Tidak Layak',	' 1.2JT - 2JT',	' 10JT - 50JT'),
(7,	'MUALIM JUHRI',	'produktif',	'Kedawung',	'Petani',	2000000,	6000000,	'pendek',	'HONDA',	'matic',	2016,	'Layak',	' 1.2JT - 2JT',	' < 10JT'),
(8,	'TOKHID',	'produktif',	'Kedawung',	'Petani',	1900000,	3000000,	'pendek',	'HONDA',	'bebek',	2011,	'Layak',	' 1.2JT - 2JT',	' < 10JT'),
(9,	'AFRIZAL',	'produktif',	'Bojong',	'Petani',	1900000,	2500000,	'pendek',	'YAMAHA',	'bebek',	2006,	'Layak',	' 1.2JT - 2JT',	' < 10JT'),
(10,	'SAWIJI WIDODO',	'produktif',	'Tuwel',	'Buruh',	2100000,	2500000,	'pendek',	'HONDA',	'standard',	2009,	'Layak',	' 2JT - 4.5JT',	' < 10JT'),
(11,	'TOBIIN',	'produktif',	'Muncalarang',	'Pedagang',	4500000,	40000000,	'panjang',	'NISSAN',	'GRAND LIVINA',	2009,	'Layak',	' 2JT - 4.5JT',	' 10JT - 50JT'),
(12,	'JAMILAH',	'produktif',	'Lebaksiu',	'Ibu Rumah Tangga',	1500000,	2500000,	'pendek',	'HONDA',	'bebek',	2015,	'Layak',	' 1.2JT - 2JT',	' < 10JT'),
(13,	'KIRYANTO',	'produktif',	'Balapulang',	'Buruh',	2000000,	3500000,	'pendek',	'HONDA',	'standard',	2013,	'Layak',	' 1.2JT - 2JT',	' < 10JT'),
(14,	'IRFANSYAH DWI SAPUTRA',	'produktif',	'Kesuben',	'Pedagang',	5000000,	5700000,	'sedang',	'HONDA',	'matic',	2013,	'Layak',	' 4.5JT - 10JT',	' < 10JT'),
(15,	'ENDANG ',	'produktif',	'Balaradin',	'Buruh',	2100000,	3000000,	'pendek',	'HONDA',	'bebek',	2012,	'Layak',	' 2JT - 4.5JT',	' < 10JT'),
(16,	'MARDIANSYAH SITUMEANG',	'produktif',	'Banjaranyar',	'Buruh',	2100000,	3850000,	'pendek',	'YAMAHA',	'matic',	2013,	'Layak',	' 2JT - 4.5JT',	' < 10JT'),
(17,	'RISWANTI',	'produktif',	'Kesuben',	'Buruh',	2000000,	5000000,	'pendek',	'YAMAHA',	'bebek',	2015,	'Layak',	' 1.2JT - 2JT',	' < 10JT'),
(18,	'SOFI ROHMAWATI',	'produktif',	'Banjaranyar',	'Buruh',	2100000,	6800000,	'pendek',	'HONDA',	'sport',	2014,	'Tidak Layak',	' 2JT - 4.5JT',	' < 10JT'),
(19,	'MUSLIKHUN',	'produktif',	'Kesuben',	'Petani',	1800000,	2500000,	'pendek',	'HONDA',	'bebek',	2011,	'Layak',	' 1.2JT - 2JT',	' < 10JT'),
(20,	'TAHMID',	'lansia akhir',	'Kesuben',	'Petani',	1500000,	3000000,	'pendek',	'HONDA',	'bebek',	2010,	'Tidak Layak',	' 1.2JT - 2JT',	' < 10JT'),
(21,	'SUPRIYANTO',	'lansia awal',	'Balaradin',	'Petani',	1800000,	2000000,	'pendek',	'KAWASAKI',	'sport',	2017,	'Layak',	' 1.2JT - 2JT',	' < 10JT'),
(22,	'MUCH LISIN',	'lansia awal',	'Balapulang',	'Buruh',	2000000,	5000000,	'pendek',	'DAIHATSU',	'GRAND MAX',	2014,	'Layak',	' 1.2JT - 2JT',	' < 10JT'),
(23,	'URIFATUL JANAH',	'lansia awal',	'Kesuben',	'Buruh',	2500000,	6000000,	'pendek',	'HONDA',	'matic',	2015,	'Layak',	' 2JT - 4.5JT',	' < 10JT'),
(24,	'SUTRISNO',	'produktif',	'Balapulang',	'Buruh',	2100000,	3000000,	'pendek',	' KAWASAKI ',	'sport',	2011,	'Layak',	' 2JT - 4.5JT',	' < 10JT'),
(25,	'TUTI RAHAYU ',	'lansia awal',	'Kesuben',	'Pedagang',	1500000,	4900000,	'pendek',	' HONDA ',	'matic',	2013,	'Layak',	' 1.2JT - 2JT',	' < 10JT'),
(26,	'SAERI',	'produktif',	'Balapulang',	'Pedagang',	2000000,	4500000,	'pendek',	' HONDA ',	'matic',	2013,	'Layak',	' 1.2JT - 2JT',	' < 10JT'),
(27,	'SAATUN',	'produktif',	'Yamansari',	'Buruh',	2000000,	4000000,	'pendek',	'HONDA',	'bebek',	2010,	'Layak',	' 1.2JT - 2JT',	' < 10JT'),
(28,	'WARSO',	'lansia awal',	'Yamansari',	'Petani',	1600000,	3000000,	'pendek',	'HONDA',	'bebek',	2011,	'Layak',	' 1.2JT - 2JT',	' < 10JT'),
(29,	'YULI MARIANA',	'produktif',	'Lebaksiu',	'Wiraswasta',	1900000,	4500000,	'pendek',	'HONDA',	'matic',	2013,	'Layak',	' 1.2JT - 2JT',	' < 10JT'),
(30,	'AKHMAD FAOZI ',	'produktif',	'Kesuben',	'Wiraswasta',	1900000,	3500000,	'pendek',	'HONDA',	'standard',	2008,	'Layak',	' 1.2JT - 2JT',	' < 10JT'),
(31,	'BAHTIAR RUSLI',	'produktif',	'Muncalarang',	'Petani',	2000000,	3500000,	'pendek',	'HONDA',	'matic',	2012,	'Layak',	' 1.2JT - 2JT',	' < 10JT'),
(32,	'RISTO ',	'produktif',	'Buniwah',	'Petani',	2000000,	2500000,	'pendek',	'HONDA',	'matic',	2014,	'Layak',	' 1.2JT - 2JT',	' < 10JT'),
(33,	'MUDIYONO RAHARJO',	'produktif',	'Timbangreja',	'Buruh',	2000000,	4000000,	'pendek',	'YAMAHA',	'standard',	2012,	'Layak',	' 1.2JT - 2JT',	' < 10JT'),
(34,	'SAAD ',	'lansia awal',	'Muncalarang',	'Pedagang',	5000000,	15000000,	'sedang',	'SUZUKI',	'CARRY',	2002,	'Layak',	' 4.5JT - 10JT',	' 10JT - 50JT'),
(35,	'M MASLIKHUN',	'produktif',	'Buniwah',	'Petani',	1600000,	2500000,	'pendek',	'HONDA',	'bebek',	2010,	'Layak',	' 1.2JT - 2JT',	' < 10JT'),
(36,	'KOSIM',	'lansia awal',	'Buniwah',	'Petani',	1600000,	4000000,	'pendek',	'HONDA',	'bebek',	2013,	'Layak',	' 1.2JT - 2JT',	' < 10JT'),
(37,	'TRI SETIORINI',	'produktif',	'Balapulang',	'Ibu Rumah Tangga',	1000000,	2000000,	'pendek',	'YAMAHA',	'bebek',	2011,	'Layak',	' < 1.2JT',	' < 10JT'),
(38,	'SALIM',	'produktif',	'Balapulang',	'Petani',	2000000,	6000000,	'pendek',	'HONDA',	'standard',	2015,	'Layak',	' 1.2JT - 2JT',	' < 10JT'),
(39,	'AKHMAD HASANI',	'produktif',	'Banjaranyar',	'Buruh',	2100000,	4800000,	'pendek',	'HONDA',	'matic',	2011,	'Layak',	' 2JT - 4.5JT',	' < 10JT'),
(40,	'SUGENG FAOZI',	'produktif',	'Bumijawa',	'Wiraswasta',	1800000,	4748000,	'pendek',	'HONDA',	'matic',	2013,	'Layak',	' 1.2JT - 2JT',	' < 10JT'),
(41,	'DAROSAH',	'produktif',	'Pamiritan',	'Petani',	1600000,	1500000,	'pendek',	'HONDA',	'matic',	2010,	'Layak',	' 1.2JT - 2JT',	' < 10JT'),
(42,	'DEWI HANJAR SARYANI ',	'produktif',	'Kesuben',	'Pedagang',	3000000,	1750000,	'pendek',	'SUZUKI',	'standard',	2014,	'Layak',	' 2JT - 4.5JT',	' < 10JT'),
(43,	'DEWI INDAH LISTYANI ',	'produktif',	'Kesuben',	'Pedagang',	3000000,	4950000,	'pendek',	'HONDA',	'matic',	2015,	'Layak',	' 2JT - 4.5JT',	' < 10JT'),
(44,	'SARIPUDIN',	'produktif',	'Balapulang',	'Wiraswasta',	1500000,	4500000,	'pendek',	'HONDA',	'matic',	2016,	'Layak',	' 1.2JT - 2JT',	' < 10JT'),
(45,	'JUMIROH',	'produktif',	'Lebaksiu',	'Pedagang',	2000000,	3500000,	'pendek',	'HONDA',	'matic',	2015,	'Layak',	' 1.2JT - 2JT',	' < 10JT'),
(46,	'MUFLIKHA',	'produktif',	'Timbangreja',	'Wiraswasta',	1700000,	4470000,	'pendek',	'YAMAHA',	'matic',	2016,	'Layak',	' 1.2JT - 2JT',	' < 10JT'),
(47,	'TORIKIN',	'produktif',	'Bojong',	'Buruh',	2000000,	3000000,	'pendek',	'YAMAHA',	'standard',	2012,	'Layak',	' 1.2JT - 2JT',	' < 10JT'),
(48,	'SAJIDDIN',	'produktif',	'Balapulang',	'Buruh',	2000000,	6500000,	'pendek',	'YAMAHA',	'standard',	2018,	'Layak',	' 1.2JT - 2JT',	' < 10JT'),
(49,	'ELY WIDORETNO',	'produktif',	'Pamiritan',	'Wiraswasta',	1800000,	4000000,	'pendek',	'HONDA',	'matic',	2011,	'Layak',	' 1.2JT - 2JT',	' < 10JT'),
(50,	'SISWANTO',	'produktif',	'Yamansari',	'Petani',	1500000,	5500000,	'pendek',	'HONDA',	'standard',	2016,	'Layak',	' 1.2JT - 2JT',	' < 10JT'),
(51,	'WARTISI',	'lansia awal',	'Cawitali',	'Buruh',	2000000,	4500000,	'pendek',	'YAMAHA',	'standard',	2017,	'Layak',	' 1.2JT - 2JT',	' < 10JT'),
(52,	'AMINUDIN',	'produktif',	'Balapulang',	'Petani',	1200000,	2000000,	'pendek',	'HONDA',	'matic',	2016,	'Layak',	' 1.2JT - 2JT',	' < 10JT'),
(53,	'ROMAYAH',	'lansia awal',	'Danasari',	'Buruh',	2000000,	6500000,	'pendek',	'HONDA',	'matic',	2016,	'Layak',	' 1.2JT - 2JT',	' < 10JT'),
(54,	'SARTO',	'lansia awal',	'Balapulang',	'Petani',	1500000,	3000000,	'pendek',	'HONDA',	'standard',	2013,	'Layak',	' 1.2JT - 2JT',	' < 10JT'),
(55,	'PANUT WIDODO ',	'produktif',	'Pamiritan',	'Buruh',	1500000,	2000000,	'pendek',	'YAMAHA',	'standard',	2008,	'Layak',	' 1.2JT - 2JT',	' < 10JT'),
(56,	'SITI AISAH',	'produktif',	'Kesuben',	'Buruh',	1500000,	5000000,	'pendek',	'HONDA',	'matic',	2015,	'Layak',	' 1.2JT - 2JT',	' < 10JT'),
(57,	'ARMEN PRIYANTO',	'produktif',	'Jejeg',	'Petani',	2000000,	4900000,	'pendek',	'YAMAHA',	'matic',	2014,	'Layak',	' 1.2JT - 2JT',	' < 10JT'),
(58,	'AKHMAD MUNAJI',	'produktif',	'Bumijawa',	'Petani',	2000000,	3850000,	'pendek',	'YAMAHA',	'standard',	2008,	'Layak',	' 1.2JT - 2JT',	' < 10JT'),
(59,	'UMAROH',	'lansia awal',	'Balapulang',	'Pedagang',	1500000,	3000000,	'pendek',	'HONDA',	'matic',	2016,	'Layak',	' 1.2JT - 2JT',	' < 10JT'),
(60,	'EDDY SUSANTO',	'produktif',	'Pangkah',	'Wiraswasta',	2500000,	25000000,	'sedang',	'SUZUKI',	'APV',	2005,	'Layak',	' 2JT - 4.5JT',	' 10JT - 50JT'),
(61,	'WALIM',	'produktif',	'Kalijambu',	'Petani',	1500000,	1650000,	'pendek',	'HONDA',	'bebek',	2013,	'Layak',	' 1.2JT - 2JT',	' < 10JT'),
(62,	'LUKMANUL HAKIM',	'produktif',	'Buniwah',	'Wiraswasta',	1900000,	3000000,	'pendek',	'HONDA',	'bebek',	2011,	'Layak',	' 1.2JT - 2JT',	' < 10JT'),
(63,	'WASHUDI ALWI',	'produktif',	'Muncalarang',	'Wiraswasta',	1900000,	4500000,	'pendek',	'SUZUKI',	'APV',	2005,	'Layak',	' 1.2JT - 2JT',	' < 10JT'),
(64,	'ADITYA CATUR SAPUTRA',	'produktif',	'Balapulang',	'Buruh',	2100000,	4000000,	'pendek',	'YAMAHA',	'XABRE 150CC',	2016,	'Layak',	' 2JT - 4.5JT',	' < 10JT'),
(65,	'SLAMET RIYADI',	'lansia awal',	'Bumijawa',	'Petani',	1500000,	5000000,	'pendek',	'HONDA',	'matic',	2014,	'Tidak Layak',	' 1.2JT - 2JT',	' < 10JT'),
(66,	'RISWANTO',	'produktif',	'Balapulang',	'Buruh',	2000000,	5000000,	'pendek',	'HONDA',	'matic',	2012,	'Layak',	' 1.2JT - 2JT',	' < 10JT'),
(67,	'WAHRI',	'produktif',	'Banjaranyar',	'Buruh',	2100000,	6000000,	'pendek',	'HONDA',	'matic',	2016,	'Layak',	' 2JT - 4.5JT',	' < 10JT'),
(68,	'ROJIKIN',	'produktif',	'Buniwah',	'Pedagang',	5000000,	15000000,	'sedang',	'SUZUKI',	'APV',	2008,	'Layak',	' 4.5JT - 10JT',	' 10JT - 50JT'),
(69,	'SURYANA',	'produktif',	'Balapulang',	'Buruh',	2100000,	5500000,	'pendek',	'HONDA',	'standard',	2012,	'Layak',	' 2JT - 4.5JT',	' < 10JT'),
(70,	'ROKHMAT',	'produktif',	'Banjaranyar',	'Buruh',	2100000,	3000000,	'pendek',	'HONDA',	'bebek',	2013,	'Layak',	' 2JT - 4.5JT',	' < 10JT'),
(71,	'KAMSO',	'lansia awal',	'Bumijawa',	'Petani',	1500000,	4350000,	'pendek',	'MITSUBISHI',	'KUDA',	1999,	'Layak',	' 1.2JT - 2JT',	' < 10JT'),
(72,	'RATNO',	'produktif',	'Kesuben',	'Buruh',	1500000,	2000000,	'pendek',	'YAMAHA',	'bebek',	2009,	'Layak',	' 1.2JT - 2JT',	' < 10JT'),
(73,	'LAELATUL FAUZIAH',	'produktif',	'Balaradin',	'Pedagang',	3000000,	6000000,	'pendek',	'HONDA',	'bebek',	2014,	'Layak',	' 2JT - 4.5JT',	' < 10JT'),
(74,	'MARYAM',	'produktif',	'Kesuben',	'Pedagang',	2000000,	3000000,	'pendek',	'YAMAHA',	'bebek',	2013,	'Layak',	' 1.2JT - 2JT',	' < 10JT'),
(75,	'SRI WULAN PRIBAWANINGRUM',	'produktif',	'Balapulang',	'Wiraswasta',	1900000,	4000000,	'pendek',	'HONDA',	'matic',	2014,	'Layak',	' 1.2JT - 2JT',	' < 10JT'),
(76,	'ABD MUNIP',	'produktif',	'Buniwah',	'Petani',	1500000,	4100000,	'pendek',	'YAMAHA',	'matic',	2016,	'Layak',	' 1.2JT - 2JT',	' < 10JT'),
(77,	'SUSYANTO',	'lansia awal',	'Buniwah',	'Petani',	1000000,	6500000,	'pendek',	'HONDA',	'matic',	2016,	'Layak',	' < 1.2JT',	' < 10JT'),
(78,	'WIRYO',	'lansia akhir',	'Timbangreja',	'Buruh',	1500000,	7500000,	'pendek',	'HONDA',	'matic',	2017,	'Tidak Layak',	' 1.2JT - 2JT',	' < 10JT'),
(79,	'SITI YUNI SETIAWATI',	'produktif',	'Balapulang',	'Buruh',	2100000,	5000000,	'pendek',	'YAMAHA',	'standard',	2013,	'Layak',	' 2JT - 4.5JT',	' < 10JT'),
(80,	'SITI UMULIYAH',	'produktif',	'Balapulang',	'Petani',	1800000,	3000000,	'pendek',	'HONDA',	'matic',	2015,	'Layak',	' 1.2JT - 2JT',	' < 10JT'),
(81,	'RISKON HALALAN',	'produktif',	'Balaradin',	'Buruh',	1500000,	3000000,	'pendek',	'HONDA',	'matic',	2015,	'Layak',	' 1.2JT - 2JT',	' < 10JT'),
(82,	'SARTO BUDI SUROSO',	'produktif',	'Lebaksiu',	'Pedagang',	3500000,	19300000,	'sedang',	'MITSUBISHI',	'TRUCK',	1998,	'Layak',	' 2JT - 4.5JT',	' 10JT - 50JT'),
(83,	'WAHYUDIN',	'produktif',	'Lebaksiu',	'Buruh',	1800000,	3850000,	'pendek',	'YAMAHA',	'standard',	2009,	'Layak',	' 1.2JT - 2JT',	' < 10JT'),
(84,	'SRI KARSONO',	'produktif',	'Banjaranyar',	'Pedagang',	2000000,	3700000,	'pendek',	'HONDA',	'bebek',	2009,	'Layak',	' 1.2JT - 2JT',	' < 10JT'),
(85,	'FARIDAH',	'lansia awal',	'Kesuben',	'Pedagang',	2000000,	4500000,	'pendek',	'YAMAHA',	'matic',	2015,	'Layak',	' 1.2JT - 2JT',	' < 10JT'),
(86,	'IMAM MAHDI',	'lansia awal',	'Kesuben',	'Petani',	1600000,	4000000,	'pendek',	'HONDA',	'matic',	2015,	'Layak',	' 1.2JT - 2JT',	' < 10JT'),
(87,	'MOHAMAD SANEP',	'produktif',	'Balapulang',	'Pedagang',	3000000,	8000000,	'pendek',	'YAMAHA',	'sport',	2014,	'Layak',	' 2JT - 4.5JT',	' < 10JT'),
(88,	'NENIK S',	'produktif',	'Bumijawa',	'Wiraswasta',	1800000,	4500000,	'pendek',	'HONDA',	'matic',	2012,	'Layak',	' 1.2JT - 2JT',	' < 10JT'),
(89,	'HERMANTO',	'produktif',	'Bumijawa',	'Wiraswasta',	1800000,	3000000,	'pendek',	'YAMAHA',	'standard',	2012,	'Layak',	' 1.2JT - 2JT',	' < 10JT'),
(90,	'IKBAL LUTFI',	'produktif',	'Lebaksiu',	'Pedagang',	2500000,	7000000,	'pendek',	'YAMAHA',	'matic',	2017,	'Layak',	' 2JT - 4.5JT',	' < 10JT'),
(91,	'DWI YANTO',	'produktif',	'Pamiritan',	'Wiraswasta',	1800000,	6000000,	'pendek',	'HONDA',	'matic',	2016,	'Tidak Layak',	' 1.2JT - 2JT',	' < 10JT'),
(92,	'MUHAMAD AMIRUDIN',	'produktif',	'Balaradin',	'Wiraswasta',	1500000,	7500000,	'pendek',	'HONDA',	'matic',	2017,	'Layak',	' 1.2JT - 2JT',	' < 10JT'),
(93,	'PONIMAN',	'lansia akhir',	'Balaradin',	'Petani',	1500000,	6000000,	'pendek',	'HONDA',	'matic',	2015,	'Layak',	' 1.2JT - 2JT',	' < 10JT'),
(94,	'UMI KULSUM',	'produktif',	'Kesuben',	'Wiraswasta',	1800000,	5000000,	'sedang',	'HONDA',	'matic',	2014,	'Layak',	' 1.2JT - 2JT',	' < 10JT'),
(95,	'HERMANTO',	'produktif',	'Balapulang',	'Buruh',	2000000,	6000000,	'pendek',	'HONDA',	'matic',	2016,	'Layak',	' 1.2JT - 2JT',	' < 10JT'),
(96,	'IIN NURSANTI',	'produktif',	'Bojong',	'Wiraswasta',	1800000,	6500000,	'pendek',	'HONDA',	'matic',	2016,	'Tidak Layak',	' 1.2JT - 2JT',	' < 10JT'),
(97,	'AHMAD KHAFIDIN',	'produktif',	'Balaradin',	'Pedagang',	2000000,	4750000,	'pendek',	'HONDA',	'matic',	2017,	'Layak',	' 1.2JT - 2JT',	' < 10JT'),
(98,	'SULDI',	'lansia awal',	'Balapulang',	'Petani',	2000000,	5000000,	'pendek',	'HONDA',	'matic',	2014,	'Layak',	' 1.2JT - 2JT',	' < 10JT'),
(99,	'MUHAMAD SIMITRO',	'produktif',	'Lebaksiu',	'Pedagang',	2500000,	6000000,	'pendek',	'HONDA',	'standard',	2017,	'Layak',	' 2JT - 4.5JT',	' < 10JT'),
(100,	'SITI URIPAH ',	'lansia awal',	'Kesuben',	'Pedagang',	2100000,	5000000,	'pendek',	'HONDA',	'bebek',	2015,	'Layak',	' 2JT - 4.5JT',	' < 10JT'),
(101,	'AWALUDIN',	'produktif',	'Dukuhtengah',	'Petani',	2000000,	2175000,	'pendek',	'HONDA',	'matic',	2013,	'Layak',	' 1.2JT - 2JT',	' < 10JT'),
(102,	'TONI SUGIARTO',	'produktif',	'Bumijawa',	'Buruh',	2000000,	4500000,	'pendek',	'YAMAHA',	'matic',	2014,	'Layak',	' 1.2JT - 2JT',	' < 10JT'),
(103,	'MASRURI',	'lansia awal',	'Bumijawa',	'Petani',	1500000,	5000000,	'pendek',	'SUZUKI',	'CARRY',	1998,	'Layak',	' 1.2JT - 2JT',	' < 10JT'),
(104,	'TAUFIK',	'lansia awal',	'Balapulang',	'Buruh',	1200000,	5000000,	'pendek',	'HONDA',	'matic',	2016,	'Tidak Layak',	' 1.2JT - 2JT',	' < 10JT'),
(105,	'FIKRI',	'produktif',	'Balaradin',	'Wiraswasta',	2000000,	7000000,	'pendek',	'YAMAHA',	'matic',	2018,	'Layak',	' 1.2JT - 2JT',	' < 10JT'),
(106,	'ROAH',	'lansia akhir',	'Bojong',	'Petani',	2000000,	9000000,	'pendek',	'KAWASAKI',	'sport',	2016,	'Tidak Layak',	' 1.2JT - 2JT',	' < 10JT'),
(107,	'MUKMIN',	'lansia awal',	'Kesuben',	'Pedagang',	2000000,	2500000,	'pendek',	'HONDA',	'matic',	2011,	'Layak',	' 1.2JT - 2JT',	' < 10JT'),
(108,	'AHMAD NUROPIK',	'produktif',	'Bojong',	'Buruh',	2000000,	6500000,	'pendek',	'HONDA',	'matic',	2016,	'Layak',	' 1.2JT - 2JT',	' < 10JT'),
(109,	'NIKEN WILI ANANDA',	'produktif',	'Balapulang',	'Pedagang',	2000000,	8000000,	'pendek',	'HONDA',	'matic',	2018,	'Layak',	' 1.2JT - 2JT',	' < 10JT'),
(110,	'RINA PARIDAYANTI ',	'produktif',	'Kesuben',	'Buruh',	1500000,	4000000,	'pendek',	'HONDA',	'matic',	2011,	'Layak',	' 1.2JT - 2JT',	' < 10JT'),
(111,	'MUINAH',	'produktif',	'Dukuhtengah',	'Pedagang',	2000000,	5000000,	'pendek',	'HONDA',	'matic',	2015,	'Layak',	' 1.2JT - 2JT',	' < 10JT'),
(112,	'KHOLIPAH',	'produktif',	'Buniwah',	'Buruh',	1800000,	4000000,	'pendek',	'YAMAHA',	'bebek',	2013,	'Layak',	' 1.2JT - 2JT',	' < 10JT'),
(113,	'WAWAN PURWANTO',	'lansia awal',	'Bojong',	'Petani',	1500000,	2000000,	'pendek',	'YAMAHA',	'matic',	2013,	'Layak',	' 1.2JT - 2JT',	' < 10JT'),
(114,	'AKHMAD YUNUS',	'produktif',	'Balapulang',	'Pedagang',	2000000,	3800000,	'pendek',	'YAMAHA',	'matic',	2013,	'Layak',	' 1.2JT - 2JT',	' < 10JT'),
(115,	'TURMIYATI',	'lansia awal',	'Banjaranyar',	'Buruh',	1500000,	3000000,	'pendek',	'HONDA',	'matic',	2015,	'Layak',	' 1.2JT - 2JT',	' < 10JT'),
(116,	'TRI SETIYO BUDI',	'produktif',	'Banjaranyar',	'Buruh',	1500000,	2500000,	'pendek',	'YAMAHA',	'matic',	2011,	'Layak',	' 1.2JT - 2JT',	' < 10JT'),
(117,	'BENY KHAERONI',	'produktif',	'Bumijawa',	'Wiraswasta',	1900000,	5000000,	'pendek',	'HONDA',	'matic',	2013,	'Layak',	' 1.2JT - 2JT',	' < 10JT'),
(118,	'NIDAUL CHASANAH',	'produktif',	'Balapulang',	'Wiraswasta',	1900000,	8200000,	'pendek',	'YAMAHA',	'matic',	2016,	'Tidak Layak',	' 1.2JT - 2JT',	' < 10JT'),
(119,	'JAFAR ',	'produktif',	'Balaradin',	'Pedagang',	2100000,	3400000,	'pendek',	'HONDA',	'matic',	2011,	'Layak',	' 2JT - 4.5JT',	' < 10JT'),
(120,	'PUJIONO',	'produktif',	'Bojong',	'Petani',	1800000,	3000000,	'pendek',	'HONDA',	'bebek',	2010,	'Layak',	' 1.2JT - 2JT',	' < 10JT'),
(121,	'RENI SUMARTINI',	'produktif',	'Balaradin',	'Wiraswasta',	1800000,	1500000,	'pendek',	'YAMAHA',	'bebek',	2013,	'Layak',	' 1.2JT - 2JT',	' < 10JT'),
(122,	'SUKIRNO',	'lansia awal',	'Bumijawa',	'Petani',	1500000,	1500000,	'pendek',	'HONDA',	'bebek',	2008,	'Layak',	' 1.2JT - 2JT',	' < 10JT'),
(123,	'MIRNA FIRMANIYATI',	'produktif',	'Balapulang',	'Wiraswasta',	1800000,	4000000,	'pendek',	'HONDA',	'matic',	2010,	'Layak',	' 1.2JT - 2JT',	' < 10JT'),
(124,	'MAMURODI',	'produktif',	'Bojong',	'Petani',	2000000,	7000000,	'pendek',	'YAMAHA',	'standard',	2012,	'Tidak Layak',	' 1.2JT - 2JT',	' < 10JT'),
(125,	'M HAKIM MAULANA',	'produktif',	'Balapulang',	'Buruh',	1800000,	6500000,	'pendek',	'HONDA',	'matic',	2017,	'Tidak Layak',	' 1.2JT - 2JT',	' < 10JT'),
(126,	'ISTIKHAROH',	'produktif',	'Kesuben',	'Wiraswasta',	1800000,	5000000,	'pendek',	'YAMAHA',	'standard',	2013,	'Layak',	' 1.2JT - 2JT',	' < 10JT'),
(127,	'TOBIIN',	'produktif',	'Kesuben',	'Pedagang',	2100000,	3000000,	'pendek',	'HONDA',	'matic',	2012,	'Layak',	' 2JT - 4.5JT',	' < 10JT'),
(128,	'AHMAD MUGOFAR',	'produktif',	'Balapulang',	'Buruh',	2100000,	3000000,	'pendek',	'HONDA',	'bebek',	2010,	'Layak',	' 2JT - 4.5JT',	' < 10JT'),
(129,	'SUHERMAN',	'lansia akhir',	'Danasari',	'Petani',	1500000,	5500000,	'pendek',	'HONDA',	'sport',	2013,	'Tidak Layak',	' 1.2JT - 2JT',	' < 10JT'),
(130,	'SUNARTO',	'produktif',	'Bumijawa',	'Petani',	1600000,	4000000,	'pendek',	'HONDA',	'standard',	2013,	'Layak',	' 1.2JT - 2JT',	' < 10JT'),
(131,	'ABDUL MUJIB',	'lansia awal',	'Balapulang',	'Buruh',	1500000,	5500000,	'pendek',	'HONDA',	'bebek',	2014,	'Tidak Layak',	' 1.2JT - 2JT',	' < 10JT'),
(132,	'IMAM SYAFI\'I',	'produktif',	'Bojong',	'Wiraswasta',	1900000,	4900000,	'pendek',	'HONDA',	'matic',	2014,	'Layak',	' 1.2JT - 2JT',	' < 10JT'),
(133,	'LUTFI AMALIYAH',	'produktif',	'Balapulang',	'Pedagang',	3000000,	10050000,	'pendek',	'SUZUKI',	'CARRY',	1995,	'Layak',	' 2JT - 4.5JT',	' 10JT - 50JT'),
(134,	'SEPUDIN ZUHRI ',	'produktif',	'Bojong',	'Petani',	1600000,	4550000,	'pendek',	'HONDA',	'bebek',	2015,	'Layak',	' 1.2JT - 2JT',	' < 10JT'),
(135,	'NUR CHAMALI',	'produktif',	'Bumijawa',	'Pedagang',	2500000,	3400000,	'pendek',	'YAMAHA',	'matic',	2014,	'Layak',	' 2JT - 4.5JT',	' < 10JT'),
(136,	'JONI ISKANDAR',	'produktif',	'Muncalarang',	'Pedagang',	2500000,	7000000,	'pendek',	'HONDA',	'matic',	2016,	'Layak',	' 2JT - 4.5JT',	' < 10JT'),
(137,	'ATIKA RAHMAH',	'produktif',	'Balapulang',	'Buruh',	2100000,	3000000,	'pendek',	'HONDA',	'matic',	2014,	'Layak',	' 2JT - 4.5JT',	' < 10JT'),
(138,	'MOH UNTUNG',	'produktif',	'Lebaksiu',	'Pedagang',	2500000,	4000000,	'pendek',	'HONDA',	'matic',	2013,	'Layak',	' 2JT - 4.5JT',	' < 10JT'),
(139,	'JUNIARTI',	'produktif',	'Balaradin',	'Petani',	1500000,	3500000,	'pendek',	'HONDA',	'matic',	2011,	'Layak',	' 1.2JT - 2JT',	' < 10JT'),
(140,	'ADE SURIPTO',	'produktif',	'Balapulang',	'Wiraswasta',	1800000,	4000000,	'pendek',	'HONDA',	'standard',	2013,	'Layak',	' 1.2JT - 2JT',	' < 10JT'),
(141,	'ZAENAL FIKRI',	'produktif',	'Bumijawa',	'Wiraswasta',	1700000,	2800000,	'pendek',	'HONDA',	'bebek',	2010,	'Layak',	' 1.2JT - 2JT',	' < 10JT'),
(142,	'SYAMSUL MAARIF',	'produktif',	'Bumijawa',	'Pedagang',	2100000,	6000000,	'pendek',	'MITSUBISHI',	'COLT L300',	2007,	'Layak',	' 2JT - 4.5JT',	' < 10JT'),
(143,	'NUR KHOLIS',	'produktif',	'Lebaksiu',	'Wiraswasta',	1900000,	5000000,	'pendek',	'DAIHATSU',	'ESPASS',	2006,	'Layak',	' 1.2JT - 2JT',	' < 10JT'),
(144,	'NUR AZIZAH',	'produktif',	'Balaradin',	'Petani',	1500000,	1430000,	'pendek',	'YAMAHA',	'bebek',	2007,	'Layak',	' 1.2JT - 2JT',	' < 10JT'),
(145,	'SUTOYO',	'produktif',	'Bojong',	'Buruh',	2000000,	2500000,	'pendek',	'HONDA',	'bebek',	2012,	'Layak',	' 1.2JT - 2JT',	' < 10JT'),
(146,	'KHANIPAH',	'produktif',	'Lebaksiu',	'Buruh',	2000000,	2950000,	'pendek',	'YAMAHA',	'standard',	2012,	'Layak',	' 1.2JT - 2JT',	' < 10JT'),
(147,	'SISWANTO',	'produktif',	'Balapulang',	'Pedagang',	4500000,	35000000,	'panjang',	'DAIHATSU',	'GRANDMAX',	2012,	'Layak',	' 2JT - 4.5JT',	' 10JT - 50JT'),
(148,	'AKHMAD HAMZAH',	'produktif',	'Pamiritan',	'Petani',	1500000,	3500000,	'pendek',	'HONDA',	'matic',	2013,	'Layak',	' 1.2JT - 2JT',	' < 10JT'),
(149,	'SURIPTO',	'produktif',	'Bojong',	'Buruh',	2000000,	7000000,	'pendek',	'SUZUKI',	'FUTURA',	2006,	'Layak',	' 1.2JT - 2JT',	' < 10JT'),
(150,	'NURKOSIM',	'produktif',	'Bojong',	'Pedagang',	3000000,	10000000,	'pendek',	'YAMAHA',	'matic',	2017,	'Layak',	' 2JT - 4.5JT',	' < 10JT'),
(151,	'SOLIHIN',	'produktif',	'Kesuben',	'Pedagang',	2000000,	5000000,	'pendek',	'HONDA',	'matic',	2016,	'Layak',	' 1.2JT - 2JT',	' < 10JT'),
(152,	'NOVITRI RETNO PRAMITASARI',	'produktif',	'Balapulang',	'Pedagang',	5000000,	40000000,	'panjang',	'HONDA',	'CRV',	2002,	'Layak',	' 4.5JT - 10JT',	' 10JT - 50JT'),
(153,	'WAHYU HIDAYATULOH',	'produktif',	'Bumijawa',	'Petani',	1500000,	2500000,	'pendek',	'YAMAHA',	'bebek',	2010,	'Layak',	' 1.2JT - 2JT',	' < 10JT'),
(154,	'MOHAMAD BUSRO',	'produktif',	'Balapulang',	'Buruh',	2100000,	4000000,	'pendek',	'YAMAHA',	'matic',	2015,	'Layak',	' 2JT - 4.5JT',	' < 10JT'),
(155,	'ANDIKA MUSLICH',	'produktif',	'Banjaranyar',	'Buruh',	2100000,	4600000,	'pendek',	'YAMAHA',	'matic',	2014,	'Layak',	' 2JT - 4.5JT',	' < 10JT'),
(156,	'DARIS',	'produktif',	'Bojong',	'Petani',	1600000,	2000000,	'pendek',	'HONDA',	'matic',	2016,	'Layak',	' 1.2JT - 2JT',	' < 10JT'),
(157,	'DIKUN',	'produktif',	'Kalijambu',	'Petani',	1600000,	5000000,	'pendek',	'HONDA',	'sport',	2014,	'Layak',	' 1.2JT - 2JT',	' < 10JT'),
(158,	'DAMIRIN',	'produktif',	'Balapulang',	'Buruh',	2000000,	5700000,	'pendek',	'HONDA',	'matic',	2016,	'Layak',	' 1.2JT - 2JT',	' < 10JT'),
(159,	'KUSNANTO',	'produktif',	'Timbangreja',	'Pedagang',	2000000,	3500000,	'pendek',	' HONDA ',	'matic',	2019,	'Layak',	' 1.2JT - 2JT',	' < 10JT'),
(160,	'RISKON HALALAN',	'produktif',	'Banjaranyar',	'Pedagang',	2000000,	3000000,	'pendek',	' HONDA ',	'matic',	2015,	'Layak',	' 1.2JT - 2JT',	' < 10JT'),
(161,	'URIP MULYANI',	'produktif',	'Balapulang',	'Pedagang',	2000000,	3400000,	'pendek',	' HONDA ',	'standard',	2012,	'Layak',	' 1.2JT - 2JT',	' < 10JT'),
(162,	'M FUADI',	'produktif',	'Kesuben',	'Pedagang',	4000000,	3000000,	'pendek',	'YAMAHA',	'matic',	2010,	'Layak',	' 2JT - 4.5JT',	' < 10JT'),
(163,	'LISNA RIZKIYANI',	'produktif',	'Balapulang',	'Wiraswasta',	1800000,	7500000,	'pendek',	'HONDA',	'matic',	2017,	'Tidak Layak',	' 1.2JT - 2JT',	' < 10JT'),
(164,	'MAMURI',	'produktif',	'Bojong',	'Pedagang',	2100000,	11000000,	'pendek',	'SUZUKI',	'matic',	2002,	'Tidak Layak',	' 2JT - 4.5JT',	' 10JT - 50JT'),
(165,	'ROFIUDIN',	'produktif',	'Bojong',	'Petani',	2000000,	4450000,	'pendek',	'HONDA',	'bebek',	2012,	'Layak',	' 1.2JT - 2JT',	' < 10JT'),
(166,	'MOH SUKROL RIJAL',	'produktif',	'Buniwah',	'Buruh',	1800000,	6800000,	'pendek',	'HONDA',	'matic',	2016,	'Tidak Layak',	' 1.2JT - 2JT',	' < 10JT'),
(167,	'SITI AISAH',	'produktif',	'Bumijawa',	'Petani',	2000000,	4000000,	'pendek',	'HONDA',	'matic',	2015,	'Layak',	' 1.2JT - 2JT',	' < 10JT'),
(168,	'MUHAMAD ALI KHAMIZI',	'produktif',	'Bojong',	'Petani',	1900000,	20000000,	'sedang',	'SUZUKI',	'FUTURA',	2003,	'Layak',	' 1.2JT - 2JT',	' 10JT - 50JT'),
(169,	'FITRIYANINGSIH',	'produktif',	'Bojong',	'Wiraswasta',	1900000,	5000000,	'pendek',	'HONDA',	'matic',	2013,	'Layak',	' 1.2JT - 2JT',	' < 10JT'),
(170,	'SRI INDAYANI',	'produktif',	'Timbangreja',	'Wiraswasta',	1800000,	2000000,	'pendek',	'HONDA',	'matic',	2009,	'Layak',	' 1.2JT - 2JT',	' < 10JT'),
(171,	'ALI SIDKON',	'produktif',	'Bumijawa',	'Petani',	1500000,	1114000,	'pendek',	'HONDA',	'matic',	2013,	'Layak',	' 1.2JT - 2JT',	' < 10JT'),
(172,	'ROKHTUN',	'produktif',	'Balapulang',	'Pedagang',	3000000,	7000000,	'pendek',	'YAMAHA',	'standard',	2013,	'Layak',	' 2JT - 4.5JT',	' < 10JT'),
(173,	'ALI HUSNA',	'produktif',	'Yamansari',	'Buruh',	2000000,	3500000,	'pendek',	'HONDA',	'matic',	2019,	'Layak',	' 1.2JT - 2JT',	' < 10JT'),
(174,	'YANTO',	'lansia awal',	'Lebaksiu',	'Pedagang',	5000000,	2000000,	'pendek',	'HONDA',	'bebek',	2013,	'Layak',	' 4.5JT - 10JT',	' < 10JT'),
(175,	'GHOFIR',	'produktif',	'Kesuben',	'Buruh',	2100000,	3000000,	'pendek',	'HONDA',	'bebek',	2011,	'Layak',	' 2JT - 4.5JT',	' < 10JT'),
(176,	'MOH TOMI NURSASI',	'lansia awal',	'Bojong',	'Buruh',	2100000,	2500000,	'pendek',	'HONDA',	'matic',	2014,	'Layak',	' 2JT - 4.5JT',	' < 10JT'),
(177,	'TARSITI',	'produktif',	'Balaradin',	'Buruh',	2000000,	3500000,	'pendek',	'HONDA',	'bebek',	2010,	'Layak',	' 1.2JT - 2JT',	' < 10JT'),
(178,	'SITI SENANG HATI',	'produktif',	'Balapulang',	'Buruh',	2100000,	2500000,	'pendek',	'YAMAHA',	'matic',	2014,	'Layak',	' 2JT - 4.5JT',	' < 10JT'),
(179,	'NURYASIN',	'produktif',	'Bojong',	'Petani',	1800000,	3500000,	'pendek',	'HONDA',	'matic',	2016,	'Layak',	' 1.2JT - 2JT',	' < 10JT'),
(180,	'ENDANG SRI MURTIATUN ',	'produktif',	'Bumijawa',	'Petani',	1500000,	2500000,	'pendek',	'HONDA',	'bebek',	2009,	'Layak',	' 1.2JT - 2JT',	' < 10JT'),
(181,	'DWI PUSPA FITRIA SEJATI',	'produktif',	'Balaradin',	'Wiraswasta',	1800000,	2960000,	'pendek',	'HONDA',	'matic',	2015,	'Layak',	' 1.2JT - 2JT',	' < 10JT'),
(182,	'DYAH SUSWANTIN',	'produktif',	'Banjaranyar',	'Buruh',	2000000,	5000000,	'pendek',	'HONDA',	'matic',	2016,	'Layak',	' 1.2JT - 2JT',	' < 10JT'),
(183,	'NUROPIK',	'produktif',	'Balapulang',	'Petani',	1500000,	2000000,	'pendek',	'HONDA',	'matic',	2016,	'Layak',	' 1.2JT - 2JT',	' < 10JT'),
(184,	'HAYATI',	'produktif',	'Bumijawa',	'Petani',	1500000,	5000000,	'pendek',	'HONDA',	'matic',	2016,	'Tidak Layak',	' 1.2JT - 2JT',	' < 10JT'),
(185,	'ALWI KHADID',	'produktif',	'Bojong',	'Pedagang',	4000000,	17000000,	'sedang',	'TOYOTA',	'AVANZA',	2009,	'Layak',	' 2JT - 4.5JT',	' 10JT - 50JT'),
(186,	'NOVI YUNITA',	'produktif',	'Bojong',	'Wiraswasta',	1800000,	2000000,	'pendek',	'YAMAHA',	'matic',	2013,	'Layak',	' 1.2JT - 2JT',	' < 10JT'),
(187,	'FATHUROZI',	'produktif',	'Kesuben',	'Buruh',	2000000,	5500000,	'pendek',	'HONDA',	'matic',	2014,	'Layak',	' 1.2JT - 2JT',	' < 10JT'),
(188,	'MOHAMAD RIDWAN',	'produktif',	'Banjaranyar',	'Buruh',	2000000,	3500000,	'pendek',	'HONDA',	'matic',	2011,	'Layak',	' 1.2JT - 2JT',	' < 10JT'),
(189,	'MOHAMAD SYAFRUDIN',	'produktif',	'Balaradin',	'Wiraswasta',	1800000,	1500000,	'pendek',	'HONDA',	'matic',	2013,	'Layak',	' 1.2JT - 2JT',	' < 10JT'),
(190,	'M ALI GHUPRON',	'lansia awal',	'Bojong',	'Petani',	1500000,	6500000,	'pendek',	'HONDA',	'matic',	2016,	'Tidak Layak',	' 1.2JT - 2JT',	' < 10JT'),
(191,	'SULTON TRIYONO ',	'produktif',	'Balapulang',	'Buruh',	2000000,	4000000,	'pendek',	'YAMAHA',	'standard',	2013,	'Layak',	' 1.2JT - 2JT',	' < 10JT'),
(192,	'ABDUL ROHIM',	'lansia akhir',	'Kesuben',	'Wiraswasta',	2000000,	4000000,	'pendek',	'HONDA',	'bebek',	2013,	'Tidak Layak',	' 1.2JT - 2JT',	' < 10JT'),
(193,	'SUPRIYADI',	'produktif',	'Balapulang',	'Wiraswasta',	1500000,	1500000,	'pendek',	'YAMAHA',	'bebek',	2009,	'Layak',	' 1.2JT - 2JT',	' < 10JT'),
(194,	'ADE SOFHAN JAMIL',	'produktif',	'Kalibakung',	'Pedagang',	3000000,	5500000,	'pendek',	'HONDA',	'matic',	2014,	'Layak',	' 2JT - 4.5JT',	' < 10JT'),
(195,	'RIYADI SOLIKHIN',	'produktif',	'Balaradin',	'Pedagang',	4000000,	50000000,	'sedang',	'ISUZU',	'PANTHER',	2003,	'Layak',	' 2JT - 4.5JT',	' 10JT - 50JT'),
(196,	'WAGIMAN ',	'lansia akhir',	'Bojong',	'Petani',	1500000,	6750000,	'pendek',	'HONDA',	'matic',	2015,	'Tidak Layak',	' 1.2JT - 2JT',	' < 10JT'),
(197,	'ISNAENI HADIYATI ',	'produktif',	'Bumijawa',	'Petani',	1500000,	2000000,	'pendek',	'YAMAHA',	'matic',	2012,	'Layak',	' 1.2JT - 2JT',	' < 10JT'),
(198,	'DULJHALIM',	'lansia awal',	'Banjaranyar',	'Pedagang',	5000000,	22000000,	'sedang',	'DAIHATSU',	'AYLA',	2013,	'Layak',	' 4.5JT - 10JT',	' 10JT - 50JT'),
(199,	'ELMI FAZRIYAH',	'produktif',	'Kesuben',	'Pedagang',	4000000,	11000000,	'sedang',	'DAIHATSU',	'GRANDMAX',	2008,	'Layak',	' 2JT - 4.5JT',	' 10JT - 50JT'),
(200,	'MASTINAH',	'produktif',	'Bojong',	'Petani',	2000000,	6000000,	'pendek',	'HONDA',	'matic',	2016,	'Layak',	' 1.2JT - 2JT',	' < 10JT'),
(201,	'RIYADI SOLIKHIN',	'produktif',	'Balaradin',	'Pedagang',	4000000,	15000000,	'pendek',	'ISUZU',	'PANTHER',	2003,	'Layak',	' 2JT - 4.5JT',	' 10JT - 50JT'),
(202,	'AGUS DARNOTO',	'produktif',	'Bojong',	'Buruh',	2000000,	5000000,	'pendek',	'HONDA',	'matic',	2015,	'Layak',	' 1.2JT - 2JT',	' < 10JT'),
(203,	'SAMSUL MAARIF ',	'produktif',	'Kesuben',	'Buruh',	1500000,	2000000,	'pendek',	'YAMAHA',	'bebek',	2010,	'Layak',	' 1.2JT - 2JT',	' < 10JT'),
(204,	'SLAMET RIYADI',	'produktif',	'Bumijawa',	'Petani',	1500000,	3500000,	'pendek',	'HONDA',	'matic',	2014,	'Layak',	' 1.2JT - 2JT',	' < 10JT'),
(205,	'ASIYAH',	'lansia awal',	'Bojong',	'Petani',	2100000,	7000000,	'pendek',	'HONDA',	'matic',	2016,	'Layak',	' 2JT - 4.5JT',	' < 10JT'),
(206,	'MAHMURI',	'produktif',	'Balapulang',	'Pedagang',	4500000,	25000000,	'sedang',	'SUZUKI',	'APV',	2008,	'Layak',	' 2JT - 4.5JT',	' 10JT - 50JT'),
(207,	'MASPUPAH',	'lansia awal',	'Bojong',	'Buruh',	1500000,	3000000,	'pendek',	'SUZUKI',	'standard',	2013,	'Layak',	' 1.2JT - 2JT',	' < 10JT'),
(208,	'USIN',	'lansia awal',	'Bojong',	'Petani',	2500000,	27700000,	'sedang',	'DAIHATSU',	'GRANDMAX',	2014,	'Layak',	' 2JT - 4.5JT',	' 10JT - 50JT'),
(209,	'AISAH',	'produktif',	'Balapulang',	'Buruh',	2000000,	6000000,	'pendek',	'HONDA',	'matic',	2016,	'Layak',	' 1.2JT - 2JT',	' < 10JT'),
(210,	'VENNY AGUSTIA',	'produktif',	'Bumijawa',	'Wiraswasta',	1800000,	2000000,	'pendek',	'HONDA',	'matic',	2013,	'Layak',	' 1.2JT - 2JT',	' < 10JT'),
(211,	'RIFKY FAJJARIYADI\'',	'produktif',	'Bumijawa',	'Wiraswasta',	1800000,	4000000,	'pendek',	'HONDA',	'standard',	2014,	'Layak',	' 1.2JT - 2JT',	' < 10JT'),
(212,	'DARWIH',	'lansia awal',	'Cenggini',	'Petani',	1500000,	3000000,	'pendek',	'HONDA',	'sport',	2011,	'Layak',	' 1.2JT - 2JT',	' < 10JT'),
(213,	'RIAWAN YOSANDI',	'lansia awal',	'Balapulang',	'Petani',	1500000,	1500000,	'pendek',	'SOFTLOAN',	'SOFTLOAN',	2016,	'Layak',	' 1.2JT - 2JT',	' < 10JT'),
(214,	'USWATUN KHASANAH',	'produktif',	'Kesuben',	'Pedagang',	2000000,	2000000,	'pendek',	'HONDA',	'matic',	2010,	'Layak',	' 1.2JT - 2JT',	' < 10JT'),
(215,	'YUNNY ANDARYANI',	'produktif',	'Bojong',	'Petani',	3000000,	35000000,	'panjang',	'MITSUBISHI',	'FE 304',	2003,	'Layak',	' 2JT - 4.5JT',	' 10JT - 50JT'),
(216,	'WARSO ',	'produktif',	'Bumijawa',	'Pedagang',	3000000,	10600000,	'pendek',	'DAIHATSU',	'XENIA',	2004,	'Layak',	' 2JT - 4.5JT',	' 10JT - 50JT'),
(217,	'IRFAN ARIYANTO',	'produktif',	'Balapulang',	'Buruh',	1800000,	3000000,	'pendek',	'YAMAHA',	'standard',	2014,	'Layak',	' 1.2JT - 2JT',	' < 10JT'),
(218,	'MUHAMAD ILMAN NOVIA',	'produktif',	'Balapulang',	'Buruh',	1800000,	3500000,	'pendek',	'YAMAHA',	'standard',	2013,	'Layak',	' 1.2JT - 2JT',	' < 10JT'),
(219,	'TITIN SUPRIYATIN',	'lansia awal',	'Bojong',	'Petani',	2000000,	3300000,	'pendek',	'HONDA',	'matic',	2010,	'Layak',	' 1.2JT - 2JT',	' < 10JT'),
(220,	'SITI LUKIYAH',	'lansia awal',	'Kesuben',	'Petani',	2000000,	6000000,	'pendek',	'HONDA',	'matic',	2015,	'Layak',	' 1.2JT - 2JT',	' < 10JT'),
(221,	'ZAINAL ABIDIN',	'lansia awal',	'Bumijawa',	'Petani',	2100000,	4870000,	'pendek',	'HONDA',	'matic',	2013,	'Layak',	' 2JT - 4.5JT',	' < 10JT'),
(222,	'GHIFA SETYA BUDIANTONO',	'produktif',	'Bumijawa',	'Buruh',	1800000,	3000000,	'pendek',	'HONDA',	'matic',	2010,	'Layak',	' 1.2JT - 2JT',	' < 10JT'),
(223,	'WAHIDIN',	'produktif',	'Balapulang',	'Buruh',	2000000,	5000000,	'pendek',	'SUZUKI',	'standard',	2014,	'Layak',	' 1.2JT - 2JT',	' < 10JT'),
(224,	'ROKHMAH',	'lansia awal',	'Bumijawa',	'Buruh',	1500000,	2000000,	'pendek',	'HONDA',	'standard',	2016,	'Layak',	' 1.2JT - 2JT',	' < 10JT'),
(225,	'PARIHATUN',	'lansia awal',	'Kesuben',	'Pedagang',	2500000,	7000000,	'pendek',	'HONDA',	'matic',	2018,	'Layak',	' 2JT - 4.5JT',	' < 10JT'),
(226,	'SONHAJI',	'lansia awal',	'Kesuben',	'Pedagang',	4000000,	3900000,	'pendek',	'HONDA',	'matic',	2013,	'Layak',	' 2JT - 4.5JT',	' < 10JT'),
(227,	'CIPTO ROSO',	'lansia awal',	'Kesuben',	'Petani',	3000000,	14000000,	'sedang',	'SUZUKI',	'FUTURA',	2006,	'Layak',	' 2JT - 4.5JT',	' 10JT - 50JT'),
(228,	'ROHATI',	'produktif',	'Kesuben',	'Pedagang',	3500000,	5000000,	'pendek',	'HONDA',	'bebek',	2013,	'Layak',	' 2JT - 4.5JT',	' < 10JT'),
(229,	'NUR IFA JOKO WIBOWO',	'lansia awal',	'Kesuben',	'Petani',	2000000,	4500000,	'pendek',	'HONDA',	'matic',	2017,	'Layak',	' 1.2JT - 2JT',	' < 10JT'),
(230,	'WATNO PURNOMO',	'lansia awal',	'Banjaranyar',	'Buruh',	1800000,	4850000,	'pendek',	'SUZUKI',	'standard',	2012,	'Layak',	' 1.2JT - 2JT',	' < 10JT'),
(231,	'PRIHATININGSIH',	'lansia awal',	'Kesuben',	'Pedagang',	1500000,	2300000,	'pendek',	'HONDA',	'matic',	2014,	'Layak',	' 1.2JT - 2JT',	' < 10JT'),
(232,	'ELISAH',	'lansia awal',	'Banjaranyar',	'Buruh',	1800000,	4875000,	'pendek',	'HONDA',	'sport',	2016,	'Layak',	' 1.2JT - 2JT',	' < 10JT'),
(233,	'KASID',	'lansia awal',	'Balaradin',	'Petani',	1000000,	2728000,	'pendek',	'HONDA',	'sport',	2013,	'Layak',	' < 1.2JT',	' < 10JT'),
(234,	'AKHMAD MUSABIH',	'produktif',	'Bumijawa',	'Wiraswasta',	1900000,	3000000,	'pendek',	'YAMAHA',	'bebek',	2013,	'Layak',	' 1.2JT - 2JT',	' < 10JT'),
(235,	'ANTON PAMUNGKAS',	'produktif',	'Balapulang',	'Buruh',	2000000,	5450000,	'pendek',	'HONDA',	'matic',	2014,	'Layak',	' 1.2JT - 2JT',	' < 10JT'),
(236,	'CHOMISAH',	'lansia awal',	'Kesuben',	'Pedagang',	2500000,	6000000,	'pendek',	'HONDA',	'matic',	2014,	'Layak',	' 2JT - 4.5JT',	' < 10JT'),
(237,	'RISMAWATI',	'produktif',	'Batuagung',	'Buruh',	2000000,	6000000,	'pendek',	'HONDA',	'standard',	2014,	'Layak',	' 1.2JT - 2JT',	' < 10JT'),
(238,	'SELVI ALMUNFAIZAH',	'produktif',	'Balapulang',	'Buruh',	2000000,	7500000,	'pendek',	'YAMAHA',	'sport',	2017,	'Layak',	' 1.2JT - 2JT',	' < 10JT'),
(239,	'NAFSIAH',	'lansia awal',	'Balaradin',	'Pedagang',	1500000,	1500000,	'pendek',	'YAMAHA',	'bebek',	2009,	'Layak',	' 1.2JT - 2JT',	' < 10JT'),
(240,	'IZATUL MUTAFARIKOH',	'produktif',	'Kesuben',	'Pedagang',	2000000,	4000000,	'pendek',	'SUZUKI',	'standard',	2012,	'Layak',	' 1.2JT - 2JT',	' < 10JT'),
(241,	'EDI PURWANTO',	'lansia awal',	'Kesuben',	'Buruh',	2000000,	4000000,	'pendek',	'HONDA',	'matic',	2013,	'Layak',	' 1.2JT - 2JT',	' < 10JT'),
(242,	'SUMARDI',	'lansia awal',	'Timbangreja',	'Petani',	1500000,	2000000,	'pendek',	'YAMAHA',	'matic',	2016,	'Layak',	' 1.2JT - 2JT',	' < 10JT'),
(243,	'MUSLIMIN',	'lansia awal',	'Danasari',	'Pedagang',	2000000,	6000000,	'pendek',	'HONDA',	'standard',	2014,	'Layak',	' 1.2JT - 2JT',	' < 10JT'),
(244,	'FERI FAOZI RAMADHAN',	'produktif',	'Bojong',	'Pedagang',	2000000,	5000000,	'pendek',	'HONDA',	'matic',	2015,	'Layak',	' 1.2JT - 2JT',	' < 10JT'),
(245,	'NUNUNG SARI SETYO WAHYUNINGSIH',	'produktif',	'Balapulang',	'Wiraswasta',	1800000,	3000000,	'pendek',	'HONDA',	'matic',	2016,	'Layak',	' 1.2JT - 2JT',	' < 10JT'),
(246,	'SYARIFUDIN ',	'lansia awal',	'Bumijawa',	'Petani',	2000000,	2000000,	'pendek',	'YAMAHA',	'standard',	2011,	'Layak',	' 1.2JT - 2JT',	' < 10JT'),
(247,	'DAIMAHTUSAADAH',	'produktif',	'Kesuben',	'Buruh',	1500000,	3250000,	'pendek',	'YAMAHA',	'FORCE',	2013,	'Layak',	' 1.2JT - 2JT',	' < 10JT'),
(248,	'AEDI MUSTOFA',	'produktif',	'Banjaranyar',	'Buruh',	2100000,	5000000,	'pendek',	'HONDA',	'matic',	2015,	'Layak',	' 2JT - 4.5JT',	' < 10JT'),
(249,	'DWI FEBRIYANTI',	'produktif',	'Kesuben',	'Pedagang',	3500000,	11000000,	'pendek',	'HONDA',	'matic',	2019,	'Layak',	' 2JT - 4.5JT',	' 10JT - 50JT'),
(250,	'SLAMET',	'lansia awal',	'Pamiritan',	'Buruh',	2100000,	9000000,	'pendek',	'HONDA',	'matic',	2016,	'Tidak Layak',	' 2JT - 4.5JT',	' < 10JT'),
(251,	'AGUS WAHID NASIKHUDIN',	'lansia awal',	'Balapulang',	'Buruh',	2000000,	4000000,	'pendek',	'HONDA',	'bebek',	2014,	'Layak',	' 1.2JT - 2JT',	' < 10JT'),
(252,	'UNTUNG BUDI PRAMONO',	'produktif',	'Lebaksiu',	'Pedagang',	5000000,	19300000,	'sedang',	'DAIHATSU',	'TAFT',	1991,	'Layak',	' 4.5JT - 10JT',	' 10JT - 50JT'),
(253,	'ALIVIA ADILA ',	'produktif',	'Balapulang',	'Buruh',	2000000,	2850000,	'pendek',	'YAMAHA',	'matic',	2014,	'Layak',	' 1.2JT - 2JT',	' < 10JT'),
(254,	'SUSWORO',	'lansia awal',	'Bukateja',	'Petani',	1500000,	2500000,	'pendek',	'YAMAHA',	'matic',	2013,	'Layak',	' 1.2JT - 2JT',	' < 10JT'),
(255,	'NARYO',	'lansia awal',	'Balapulang',	'Buruh',	2000000,	1000000,	'pendek',	'HONDA',	'bebek',	2013,	'Layak',	' 1.2JT - 2JT',	' < 10JT'),
(256,	'ANDI HOERUL AMIN',	'lansia awal',	'Buniwah',	'Buruh',	2000000,	3300000,	'pendek',	'YAMAHA',	'bebek',	2013,	'Layak',	' 1.2JT - 2JT',	' < 10JT'),
(257,	'MAULANA ADB MUHYI',	'lansia awal',	'Bojong',	'Buruh',	2000000,	3000000,	'pendek',	'YAMAHA',	'matic',	2012,	'Layak',	' 1.2JT - 2JT',	' < 10JT'),
(258,	'AGUS SUSWORO',	'produktif',	'Balapulang',	'Buruh',	2000000,	4000000,	'pendek',	'HONDA',	'bebek',	2013,	'Layak',	' 1.2JT - 2JT',	' < 10JT'),
(259,	'KARTINI HD ',	'lansia awal',	'Balapulang',	'Pedagang',	1500000,	3850000,	'pendek',	'YAMAHA',	'matic',	2013,	'Layak',	' 1.2JT - 2JT',	' < 10JT'),
(260,	'YUSRON ANWARI ',	'produktif',	'Cikura',	'Petani',	1500000,	2000000,	'pendek',	'YAMAHA',	'bebek',	2008,	'Layak',	' 1.2JT - 2JT',	' < 10JT'),
(261,	'FATHRUDIN ',	'produktif',	'Timbangreja',	'Buruh',	2000000,	3200000,	'pendek',	'HONDA',	'standard',	2008,	'Layak',	' 1.2JT - 2JT',	' < 10JT'),
(262,	'TONI ',	'lansia awal',	'Balapulang',	'Petani',	1500000,	1500000,	'pendek',	'YAMAHA',	'bebek',	2007,	'Layak',	' 1.2JT - 2JT',	' < 10JT'),
(263,	'MAKHMUDIN',	'lansia awal',	'Harjawinangun',	'Petani',	1500000,	2320000,	'pendek',	'YAMAHA',	'bebek',	2008,	'Layak',	' 1.2JT - 2JT',	' < 10JT'),
(264,	'DARTO',	'lansia awal',	'Cenggini',	'Petani',	1500000,	3900000,	'pendek',	'HONDA',	'matic',	2016,	'Layak',	' 1.2JT - 2JT',	' < 10JT'),
(265,	'SUWANDI',	'lansia awal',	'Danasari',	'Petani',	2000000,	7330000,	'pendek',	'SUZUKI',	'FUTURA',	2015,	'Layak',	' 1.2JT - 2JT',	' < 10JT'),
(266,	'FATMAWATI',	'lansia awal',	'Bojong',	'Petani',	2000000,	2900000,	'pendek',	'YAMAHA',	'bebek',	2011,	'Layak',	' 1.2JT - 2JT',	' < 10JT'),
(267,	'NUR AFIYAH',	'lansia awal',	'Cikura',	'Pedagang',	2500000,	8500000,	'pendek',	'HONDA',	'matic',	2017,	'Layak',	' 2JT - 4.5JT',	' < 10JT'),
(268,	'ANDRI WIDIYANTO',	'produktif',	'Kesuben',	'Buruh',	2000000,	4000000,	'pendek',	'HONDA',	'matic',	2011,	'Layak',	' 1.2JT - 2JT',	' < 10JT'),
(269,	'SUTOTO',	'lansia awal',	'Dukuhtengah',	'Buruh',	2000000,	9500000,	'sedang',	'DAIHATSU',	'TARUNA',	2002,	'Layak',	' 1.2JT - 2JT',	' < 10JT'),
(270,	'FATHUDIN',	'produktif',	'Timbangreja',	'Wiraswasta',	2000000,	3000000,	'pendek',	'HONDA',	'matic',	2014,	'Layak',	' 1.2JT - 2JT',	' < 10JT'),
(271,	'TARMUN',	'lansia awal',	'Buniwah',	'Petani',	2100000,	5900000,	'pendek',	'HONDA',	'matic',	2014,	'Layak',	' 2JT - 4.5JT',	' < 10JT'),
(272,	'MOH AMROZI FATKHUZEIN',	'produktif',	'Muncalarang',	'Wiraswasta',	1500000,	3500000,	'pendek',	'HONDA',	'matic',	2016,	'Layak',	' 1.2JT - 2JT',	' < 10JT'),
(273,	'AZIMATUL IZZAH',	'produktif',	'Muncalarang',	'Buruh',	2100000,	8000000,	'sedang',	'HONDA',	'matic',	2017,	'Layak',	' 2JT - 4.5JT',	' < 10JT'),
(274,	'WAHYUDI',	'produktif',	'Balapulang',	'Buruh',	2000000,	6000000,	'pendek',	'HONDA',	'matic',	2016,	'Layak',	' 1.2JT - 2JT',	' < 10JT'),
(275,	'SUEB',	'produktif',	'Balapulang',	'Buruh',	200000,	2000000,	'pendek',	'HONDA',	'bebek',	2010,	'Layak',	' < 1.2JT',	' < 10JT'),
(276,	'IRWAN JAWAWI',	'produktif',	'Buniwah',	'Petani',	2100000,	6000000,	'pendek',	'HONDA',	'matic',	2015,	'Layak',	' 2JT - 4.5JT',	' < 10JT'),
(277,	'ABDUL BAAR',	'lansia awal',	'Kesuben',	'Pedagang',	2500000,	7000000,	'pendek',	'HONDA',	'matic',	2016,	'Layak',	' 2JT - 4.5JT',	' < 10JT'),
(278,	'ANI TOFRIKOH',	'produktif',	'Kalijambu',	'Buruh',	2000000,	2000000,	'pendek',	'YAMAHA',	'matic',	2014,	'Layak',	' 1.2JT - 2JT',	' < 10JT'),
(279,	'DAHRONI',	'produktif',	'Balaradin',	'Buruh',	2000000,	3000000,	'pendek',	'HONDA',	'matic',	2018,	'Layak',	' 1.2JT - 2JT',	' < 10JT'),
(280,	'WASIAH',	'lansia awal',	'Balaradin',	'Buruh',	2000000,	5000000,	'pendek',	'HONDA',	'matic',	2018,	'Layak',	' 1.2JT - 2JT',	' < 10JT'),
(281,	'SURATMO',	'lansia awal',	'Bojong',	'Petani',	1500000,	3000000,	'pendek',	'HONDA',	'matic',	2016,	'Layak',	' 1.2JT - 2JT',	' < 10JT'),
(282,	'USWATUN KHASANAH',	'produktif',	'Kesuben',	'Pedagang',	2500000,	5500000,	'pendek',	'YAMAHA',	'standard',	2015,	'Layak',	' 2JT - 4.5JT',	' < 10JT'),
(283,	'TOMIR ',	'lansia awal',	'Batuagung',	'Pedagang',	2500000,	7650000,	'pendek',	'HONDA',	'sport',	2016,	'Layak',	' 2JT - 4.5JT',	' < 10JT'),
(284,	'AYU ARIFANI ',	'produktif',	'Batuagung',	'Buruh',	2000000,	5000000,	'pendek',	'HONDA',	'matic',	2014,	'Layak',	' 1.2JT - 2JT',	' < 10JT'),
(285,	'TOIPAH',	'lansia awal',	'Kesuben',	'Pedagang',	2500000,	4450000,	'pendek',	'HONDA',	'matic',	2013,	'Layak',	' 2JT - 4.5JT',	' < 10JT'),
(286,	'ABDULLAH FAKIH',	'produktif',	'Kajen',	'Wiraswasta',	1900000,	5000000,	'pendek',	'HONDA',	'matic',	2014,	'Layak',	' 1.2JT - 2JT',	' < 10JT'),
(287,	'NUR ISTIKOMAH',	'produktif',	'Kesuben',	'Buruh',	2000000,	6000000,	'pendek',	'HONDA',	'matic',	2016,	'Layak',	' 1.2JT - 2JT',	' < 10JT'),
(288,	'MAFROKHA',	'lansia awal',	'Bumijawa',	'Petani',	2000000,	7000000,	'pendek',	'HONDA',	'matic',	2016,	'Layak',	' 1.2JT - 2JT',	' < 10JT'),
(289,	'TANTI MAYASARI',	'produktif',	'Bojong',	'Ibu Rumah Tangga',	1500000,	3500000,	'pendek',	' HONDA ',	'matic',	2012,	'Layak',	' 1.2JT - 2JT',	' < 10JT'),
(290,	'RISNAWATI',	'produktif',	'Buniwah',	'Wiraswasta',	1800000,	4500000,	'pendek',	' HONDA ',	'matic',	2013,	'Layak',	' 1.2JT - 2JT',	' < 10JT'),
(291,	'SELY NURIZKA',	'produktif',	'Buniwah',	'Petani',	2100000,	6000000,	'pendek',	' HONDA ',	'matic',	2014,	'Layak',	' 2JT - 4.5JT',	' < 10JT'),
(292,	'KURDI',	'lansia awal',	'Balapulang',	'Buruh',	1500000,	3000000,	'pendek',	'HONDA',	'bebek',	2015,	'Layak',	' 1.2JT - 2JT',	' < 10JT'),
(293,	'HENDRO DWI SETIAWAN',	'produktif',	'Bojong',	'Wiraswasta',	2000000,	6000000,	'pendek',	'HONDA',	'matic',	2016,	'Layak',	' 1.2JT - 2JT',	' < 10JT'),
(294,	'FIKRI',	'produktif',	'Bojong',	'Petani',	2000000,	8000000,	'pendek',	'YAMAHA',	'matic',	2018,	'Layak',	' 1.2JT - 2JT',	' < 10JT'),
(295,	'MASRUR',	'produktif',	'Bumijawa',	'Wiraswasta',	1800000,	2500000,	'pendek',	'YAMAHA',	'standard',	2016,	'Layak',	' 1.2JT - 2JT',	' < 10JT'),
(296,	'EDI AFANDI',	'produktif',	'Batuagung',	'Buruh',	2000000,	6000000,	'pendek',	'HONDA',	'bebek',	2016,	'Layak',	' 1.2JT - 2JT',	' < 10JT'),
(297,	'SYUKRON MAMUN',	'produktif',	'Batuagung',	'Petani',	1500000,	2700000,	'pendek',	'HONDA',	'matic',	2013,	'Layak',	' 1.2JT - 2JT',	' < 10JT'),
(298,	'JUMYATI',	'produktif',	'Banjaranyar',	'Buruh',	2000000,	5500000,	'pendek',	'YAMAHA',	'standard',	2013,	'Layak',	' 1.2JT - 2JT',	' < 10JT'),
(299,	'SRI MAEMUNAH',	'lansia awal',	'Kesuben',	'Pedagang',	2000000,	8000000,	'pendek',	'HONDA',	'matic',	2018,	'Layak',	' 1.2JT - 2JT',	' < 10JT'),
(300,	'NUROKHMI',	'produktif',	'Balapulang',	'Buruh',	2000000,	6800000,	'sedang',	'HONDA',	'matic',	2016,	'Layak',	' 1.2JT - 2JT',	' < 10JT'),
(301,	'TAKHUSIPAH',	'lansia awal',	'Bumijawa',	'Ibu Rumah Tangga',	1500000,	6000000,	'pendek',	'HONDA',	'bebek',	2010,	'Tidak Layak',	' 1.2JT - 2JT',	' < 10JT'),
(302,	'WATIR',	'lansia awal',	'Balaradin',	'Buruh',	1500000,	2000000,	'pendek',	'HONDA',	'matic',	2014,	'Layak',	' 1.2JT - 2JT',	' < 10JT'),
(303,	'HETI KURNIAWATI',	'produktif',	'Batuagung',	'Wiraswasta',	1800000,	10000000,	'pendek',	'HONDA',	'matic',	2018,	'Tidak Layak',	' 1.2JT - 2JT',	' < 10JT'),
(304,	'HARYADI TRI PUTRANTO',	'produktif',	'Buniwah',	'Petani',	2000000,	5900000,	'pendek',	'HONDA',	'matic',	2015,	'Layak',	' 1.2JT - 2JT',	' < 10JT'),
(305,	'SOLEH ',	'produktif',	'Banjaranyar',	'Buruh',	1500000,	4500000,	'pendek',	'HONDA',	'bebek',	2011,	'Layak',	' 1.2JT - 2JT',	' < 10JT'),
(306,	'NUR JANAH',	'produktif',	'Kesuben',	'Pedagang',	1500000,	4000000,	'pendek',	'HONDA',	'sport',	2014,	'Layak',	' 1.2JT - 2JT',	' < 10JT'),
(307,	'NELIN APIPAH',	'lansia awal',	'Balapulang',	'Buruh',	2000000,	5500000,	'pendek',	'HONDA',	'matic',	2016,	'Layak',	' 1.2JT - 2JT',	' < 10JT'),
(308,	'LINDA TRISNA ANGGRAENI',	'produktif',	'Balapulang',	'Pedagang',	3000000,	25000000,	'sedang',	'DAIHATSU',	'XENIA',	2004,	'Layak',	' 2JT - 4.5JT',	' 10JT - 50JT'),
(309,	'ANI ANGGRAENI',	'produktif',	'Bukateja',	'Petani',	1500000,	3000000,	'pendek',	'HONDA',	'matic',	2012,	'Layak',	' 1.2JT - 2JT',	' < 10JT'),
(310,	'FAIZIN',	'lansia awal',	'Balaradin',	'Petani',	1500000,	7000000,	'pendek',	'HONDA',	'matic',	2016,	'Tidak Layak',	' 1.2JT - 2JT',	' < 10JT'),
(311,	'HIKMAH SUSANTI',	'produktif',	'Batuagung',	'Wiraswasta',	1500000,	2000000,	'pendek',	'YAMAHA',	'matic',	2015,	'Layak',	' 1.2JT - 2JT',	' < 10JT'),
(312,	'URIP SAEFURI ',	'lansia awal',	'Bojong',	'Petani',	1500000,	2000000,	'pendek',	'HONDA',	'bebek',	2012,	'Layak',	' 1.2JT - 2JT',	' < 10JT'),
(313,	'RENDI PRAYOGI',	'produktif',	'Bumijawa',	'Wiraswasta',	2000000,	6736000,	'pendek',	'HONDA',	'standard',	2013,	'Layak',	' 1.2JT - 2JT',	' < 10JT'),
(314,	'WAWAN HERI SAPUTRA',	'produktif',	'Bumijawa',	'Wiraswasta',	2000000,	7550000,	'pendek',	'YAMAHA',	'standard',	2014,	'Layak',	' 1.2JT - 2JT',	' < 10JT'),
(315,	'TOBIIN',	'produktif',	'Bumijawa',	'Buruh',	1800000,	9000000,	'pendek',	'HONDA',	'matic',	2016,	'Tidak Layak',	' 1.2JT - 2JT',	' < 10JT'),
(316,	'ALI MURTADO',	'produktif',	'Yamansari',	'Pedagang',	2000000,	7000000,	'pendek',	'HONDA',	'matic',	2016,	'Layak',	' 1.2JT - 2JT',	' < 10JT'),
(317,	'IMAMUDIN',	'produktif',	'Kesuben',	'Buruh',	1500000,	4000000,	'pendek',	'YAMAHA',	'standard',	2012,	'Layak',	' 1.2JT - 2JT',	' < 10JT'),
(318,	'GUNTORO',	'produktif',	'Bumijawa',	'Petani',	1500000,	3500000,	'pendek',	'HONDA',	'matic',	2012,	'Layak',	' 1.2JT - 2JT',	' < 10JT'),
(319,	'TISWANTO',	'produktif',	'Bumijawa',	'Petani',	1500000,	2000000,	'pendek',	'HONDA',	'matic',	2015,	'Layak',	' 1.2JT - 2JT',	' < 10JT'),
(320,	'SUHARTI',	'lansia awal',	'Balaradin',	'Pedagang',	2500000,	10000000,	'pendek',	'HONDA',	'matic',	2018,	'Layak',	' 2JT - 4.5JT',	' < 10JT'),
(321,	'TRIYONO',	'produktif',	'Balapulang',	'Buruh',	1500000,	3000000,	'pendek',	'HONDA',	'matic',	2012,	'Layak',	' 1.2JT - 2JT',	' < 10JT'),
(322,	'PARIKHA',	'lansia awal',	'Kesuben',	'Ibu Rumah Tangga',	2000000,	3500000,	'pendek',	'HONDA',	'bebek',	2010,	'Layak',	' 1.2JT - 2JT',	' < 10JT'),
(323,	'JOKO SISWANTO',	'lansia awal',	'Bukateja',	'Wiraswasta',	1800000,	6000000,	'pendek',	'HONDA',	'matic',	2017,	'Tidak Layak',	' 1.2JT - 2JT',	' < 10JT'),
(324,	'MANIS',	'produktif',	'Balapulang',	'Pedagang',	1500000,	6000000,	'pendek',	'HONDA',	'standard',	2016,	'Tidak Layak',	' 1.2JT - 2JT',	' < 10JT'),
(325,	'SAHRIATUL MAHMUDAH',	'lansia awal',	'Kesuben',	'Buruh',	1800000,	4300000,	'pendek',	'HONDA',	'matic',	2011,	'Layak',	' 1.2JT - 2JT',	' < 10JT'),
(326,	'MUHAMAD FAHRURROZI',	'produktif',	'Kesuben',	'Petani',	1500000,	3150000,	'pendek',	'YAMAHA',	'standard',	2012,	'Layak',	' 1.2JT - 2JT',	' < 10JT'),
(327,	'UNTUNG SUPRIADI',	'lansia awal',	'Balapulang',	'Petani',	1500000,	3500000,	'pendek',	'HONDA',	'standard',	2011,	'Layak',	' 1.2JT - 2JT',	' < 10JT'),
(328,	'KARYO',	'lansia awal',	'Bumijawa',	'Buruh',	2100000,	10500000,	'sedang',	'YAMAHA',	'matic',	2017,	'Layak',	' 2JT - 4.5JT',	' 10JT - 50JT'),
(329,	'NUR KHOLIS',	'lansia awal',	'Bumijawa',	'Wiraswasta',	1800000,	3850000,	'pendek',	'YAMAHA',	'standard',	2013,	'Layak',	' 1.2JT - 2JT',	' < 10JT'),
(330,	'ROHIMAH',	'lansia awal',	'Kesuben',	'Petani',	1800000,	2500000,	'pendek',	'HONDA',	'matic',	2015,	'Layak',	' 1.2JT - 2JT',	' < 10JT'),
(331,	'JAROCHA',	'lansia awal',	'Kesuben',	'Petani',	2100000,	8400000,	'sedang',	'HONDA',	'matic',	2017,	'Layak',	' 2JT - 4.5JT',	' < 10JT'),
(332,	'HUSNUL HUDA',	'produktif',	'Balapulang',	'Buruh',	2000000,	4000000,	'pendek',	'HONDA',	'bebek',	2012,	'Layak',	' 1.2JT - 2JT',	' < 10JT'),
(333,	'SUTARNO',	'lansia awal',	'Bumijawa',	'Buruh',	2100000,	4000000,	'pendek',	'YAMAHA',	'standard',	2013,	'Layak',	' 2JT - 4.5JT',	' < 10JT'),
(334,	'KAMSO',	'lansia awal',	'Bumijawa',	'Buruh',	2100000,	2735000,	'pendek',	'HONDA',	'standard',	2010,	'Layak',	' 2JT - 4.5JT',	' < 10JT'),
(335,	'DAKRI',	'lansia awal',	'Bumijawa',	'Petani',	1500000,	4500000,	'pendek',	'HONDA',	'bebek',	2016,	'Layak',	' 1.2JT - 2JT',	' < 10JT'),
(336,	'FASICHA',	'lansia awal',	'Kesuben',	'Pedagang',	2500000,	7000000,	'pendek',	'HONDA',	'matic',	2018,	'Layak',	' 2JT - 4.5JT',	' < 10JT'),
(337,	'MOH YANI',	'lansia awal',	'Batuagung',	'Pedagang',	2500000,	8000000,	'pendek',	'YAMAHA',	'AEROX',	2017,	'Layak',	' 2JT - 4.5JT',	' < 10JT'),
(338,	'ULPATUNISA',	'produktif',	'Balapulang',	'Wiraswasta',	1800000,	4900000,	'pendek',	'HONDA',	'matic',	2018,	'Layak',	' 1.2JT - 2JT',	' < 10JT'),
(339,	'DEDE TRISMANTO',	'produktif',	'Kesuben',	'Wiraswasta',	2000000,	4000000,	'pendek',	'HONDA',	'sport',	2014,	'Layak',	' 1.2JT - 2JT',	' < 10JT'),
(340,	'SUHERMAN',	'produktif',	'Bumijawa',	'Petani',	1500000,	4850000,	'pendek',	'HONDA',	'matic',	2015,	'Layak',	' 1.2JT - 2JT',	' < 10JT'),
(341,	'FAIZIN',	'produktif',	'Timbangreja',	'Buruh',	2000000,	7500000,	'pendek',	'YAMAHA',	'standard',	2014,	'Layak',	' 1.2JT - 2JT',	' < 10JT'),
(342,	'SITI MARYAM',	'lansia awal',	'Timbangreja',	'Buruh',	2000000,	6000000,	'pendek',	'HONDA',	'matic',	2014,	'Layak',	' 1.2JT - 2JT',	' < 10JT'),
(343,	'RAKHMAYANTI',	'produktif',	'Bumijawa',	'Buruh',	2100000,	4000000,	'pendek',	'HONDA',	'matic',	2012,	'Layak',	' 2JT - 4.5JT',	' < 10JT'),
(344,	'ADAM DEDE MAULANA',	'produktif',	'Balapulang',	'Wiraswasta',	1800000,	2500000,	'pendek',	'HONDA',	'bebek',	2010,	'Layak',	' 1.2JT - 2JT',	' < 10JT'),
(345,	'MAEMUNAH',	'lansia akhir',	'Kesuben',	'Petani',	1800000,	2500000,	'pendek',	'HONDA',	'matic',	2012,	'Tidak Layak',	' 1.2JT - 2JT',	' < 10JT'),
(346,	'ERWIN KURNIAWAN',	'produktif',	'Lebaksiu',	'Pedagang',	3500000,	9500000,	'pendek',	'KAWASAKI',	'KLX',	2017,	'Layak',	' 2JT - 4.5JT',	' < 10JT'),
(347,	'SITI KORIAH',	'produktif',	'Bumijawa',	'Buruh',	2000000,	6500000,	'pendek',	'YAMAHA',	'standard',	2014,	'Layak',	' 1.2JT - 2JT',	' < 10JT'),
(348,	'MASUIDN',	'produktif',	'Pamiritan',	'Buruh',	2000000,	9500000,	'sedang',	'YAMAHA',	'matic',	2018,	'Layak',	' 1.2JT - 2JT',	' < 10JT'),
(349,	'MAFTUKHA',	'produktif',	'Bumijawa',	'Pedagang',	2500000,	9500000,	'pendek',	'YAMAHA',	'sport',	2016,	'Layak',	' 2JT - 4.5JT',	' < 10JT'),
(350,	'IMAM SARJONO',	'lansia awal',	'Bumijawa',	'Petani',	1500000,	4000000,	'pendek',	'HONDA',	'sport',	2014,	'Layak',	' 1.2JT - 2JT',	' < 10JT'),
(351,	'SITI MUNWIYATI',	'lansia awal',	'Kesuben',	'Ibu Rumah Tangga',	2000000,	4000000,	'pendek',	'HONDA',	'matic',	2013,	'Layak',	' 1.2JT - 2JT',	' < 10JT'),
(352,	'AHMAD DIKRO',	'lansia awal',	'Bojong',	'Pedagang',	2500000,	7500000,	'pendek',	'HONDA',	'matic',	2017,	'Layak',	' 2JT - 4.5JT',	' < 10JT'),
(353,	'EKA SURYANI',	'produktif',	'Bojong',	'Petani',	1500000,	3000000,	'pendek',	'YAMAHA',	'bebek',	2014,	'Layak',	' 1.2JT - 2JT',	' < 10JT'),
(354,	'NUROKHMAN',	'lansia awal',	'Kesuben',	'Pedagang',	2000000,	3000000,	'pendek',	'HONDA',	'matic',	2013,	'Layak',	' 1.2JT - 2JT',	' < 10JT'),
(355,	'INDRIARTI',	'produktif',	'Buniwah',	'Buruh',	2000000,	5000000,	'pendek',	'HONDA',	'matic',	2016,	'Layak',	' 1.2JT - 2JT',	' < 10JT'),
(356,	'ENDANG KUSNAENI',	'produktif',	'Buniwah',	'Buruh',	2000000,	7500000,	'pendek',	'HONDA',	'matic',	2017,	'Tidak Layak',	' 1.2JT - 2JT',	' < 10JT'),
(357,	'TAID',	'lansia awal',	'Bumijawa',	'Petani',	2100000,	30000000,	'sedang',	'TOYOTA',	'AVANZA',	2014,	'Layak',	' 2JT - 4.5JT',	' 10JT - 50JT'),
(358,	'PURWATI',	'lansia awal',	'Balapulang',	'Buruh',	2000000,	3900000,	'pendek',	'HONDA',	'matic',	2013,	'Layak',	' 1.2JT - 2JT',	' < 10JT'),
(359,	'JANA',	'lansia awal',	'Batuagung',	'Wiraswasta',	1800000,	2700000,	'pendek',	'HONDA',	'bebek',	2011,	'Layak',	' 1.2JT - 2JT',	' < 10JT'),
(360,	'ETI KHERIYATI',	'produktif',	'Kesuben',	'Ibu Rumah Tangga',	1500000,	2450000,	'pendek',	'YAMAHA',	'matic',	2015,	'Layak',	' 1.2JT - 2JT',	' < 10JT'),
(361,	'SAADAH',	'produktif',	'Kesuben',	'Buruh',	1500000,	5000000,	'pendek',	'HONDA',	'matic',	2014,	'Tidak Layak',	' 1.2JT - 2JT',	' < 10JT'),
(362,	'SERUROH',	'lansia awal',	'Kesuben',	'Buruh',	2000000,	6500000,	'pendek',	'HONDA',	'matic',	2016,	'Layak',	' 1.2JT - 2JT',	' < 10JT'),
(363,	'AFIAH SALIM',	'produktif',	'Balapulang',	'Pedagang',	2500000,	7700000,	'pendek',	'SUZUKI',	'ST100',	1995,	'Layak',	' 2JT - 4.5JT',	' < 10JT'),
(364,	'IBNU MUAMAR',	'produktif',	'Kesuben',	'Wiraswasta',	1900000,	10000000,	'sedang',	'YAMAHA',	'matic',	2017,	'Tidak Layak',	' 1.2JT - 2JT',	' < 10JT'),
(365,	'TIKA SILMIYA',	'produktif',	'Balapulang',	'Buruh',	2000000,	4000000,	'pendek',	'YAMAHA',	'matic',	2017,	'Layak',	' 1.2JT - 2JT',	' < 10JT'),
(366,	'NELI HERLINA',	'produktif',	'Balaradin',	'Buruh',	2000000,	5000000,	'pendek',	'KAWASAKI',	'sport',	2012,	'Layak',	' 1.2JT - 2JT',	' < 10JT'),
(367,	'ANTIKA RIZKIANI',	'produktif',	'Balaradin',	'Wiraswasta',	1800000,	10000000,	'sedang',	'HONDA',	'matic',	2019,	'Layak',	' 1.2JT - 2JT',	' < 10JT'),
(368,	'ASTUTI',	'produktif',	'Cikura',	'Pedagang',	5000000,	20000000,	'sedang',	'TOYOTA',	'RUSH ',	2018,	'Layak',	' 4.5JT - 10JT',	' 10JT - 50JT'),
(369,	'ANE MUSTAKORINA',	'produktif',	'Buniwah',	'Wiraswasta',	1500000,	4000000,	'pendek',	'YAMAHA',	'matic',	2014,	'Layak',	' 1.2JT - 2JT',	' < 10JT'),
(370,	'SUGINO',	'lansia awal',	'Danasari',	'Buruh',	2000000,	2000000,	'pendek',	'YAMAHA',	'sport',	2011,	'Layak',	' 1.2JT - 2JT',	' < 10JT'),
(371,	'M RIPAN',	'produktif',	'Bojong',	'Buruh',	2000000,	5000000,	'pendek',	'HONDA',	'matic',	2018,	'Layak',	' 1.2JT - 2JT',	' < 10JT'),
(372,	'KHAERONI',	'produktif',	'Balapulang',	'Buruh',	2000000,	5500000,	'pendek',	'HONDA',	'matic',	2013,	'Layak',	' 1.2JT - 2JT',	' < 10JT'),
(373,	'SOHIBI',	'lansia awal',	'Bumijawa',	'Petani',	1500000,	3000000,	'pendek',	'HONDA',	'matic',	2013,	'Layak',	' 1.2JT - 2JT',	' < 10JT'),
(374,	'TISWANTO',	'lansia awal',	'Bumijawa',	'Petani',	2000000,	6000000,	'pendek',	'HONDA',	'matic',	2015,	'Layak',	' 1.2JT - 2JT',	' < 10JT'),
(375,	'KHOMISAH ',	'lansia awal',	'Balapulang',	'Buruh',	2000000,	1500000,	'pendek',	'HONDA',	'matic',	2014,	'Layak',	' 1.2JT - 2JT',	' < 10JT'),
(376,	'HENDRA SETIAWAN ',	'produktif',	'Bojong',	'wiraswasta',	1900000,	6000000,	'pendek',	'HONDA',	'matic',	2017,	'Tidak Layak',	' 1.2JT - 2JT',	' < 10JT'),
(377,	'IDA ROCHAYATI',	'lansia awal',	'Kesuben',	'Pedagang',	2000000,	4500000,	'pendek',	'HONDA',	'matic',	2014,	'Layak',	' 1.2JT - 2JT',	' < 10JT'),
(378,	'YUSUF BAHTIAR ',	'produktif',	'Balaradin',	'Pedagang',	2500000,	6000000,	'pendek',	'HONDA',	'matic',	2014,	'Layak',	' 2JT - 4.5JT',	' < 10JT'),
(379,	'BADRUDIN ',	'lansia awal',	'Bojong',	'Petani',	1500000,	3500000,	'pendek',	'YAMAHA',	'matic',	2010,	'Tidak Layak',	' 1.2JT - 2JT',	' < 10JT'),
(380,	'HARTATI ',	'lansia awal',	'Kesuben',	'Pedagang',	250000,	7000000,	'pendek',	'HONDA',	'matic',	2016,	'Layak',	' < 1.2JT',	' < 10JT'),
(381,	'SLAMET',	'lansia awal',	'Buniwah',	'Petani',	2000000,	5800000,	'pendek',	'HONDA',	'bebek',	2013,	'Layak',	' 1.2JT - 2JT',	' < 10JT'),
(382,	'YESI DWI ANGGRAENI',	'produktif',	'Banjaranyar',	'Buruh',	2000000,	7500000,	'pendek',	'HONDA',	'matic',	2018,	'Layak',	' 1.2JT - 2JT',	' < 10JT'),
(383,	'APRILIA DWIYANTI',	'produktif',	'Banjaranyar',	'Buruh',	2000000,	2800000,	'pendek',	'HONDA',	'matic',	2013,	'Layak',	' 1.2JT - 2JT',	' < 10JT'),
(384,	'AGUS RIANTO',	'produktif',	'Balapulang',	'Buruh',	1500000,	3000000,	'pendek',	'HONDA',	'matic',	2014,	'Layak',	' 1.2JT - 2JT',	' < 10JT'),
(385,	'SURITNO',	'lansia awal',	'Bumijawa',	'Petani',	2000000,	5850000,	'pendek',	'HONDA',	'standard',	2016,	'Layak',	' 1.2JT - 2JT',	' < 10JT'),
(386,	'DARTO ',	'lansia awal',	'Bumijawa',	'Petani',	2000000,	2900000,	'pendek',	'YAMAHA',	'standard',	2009,	'Layak',	' 1.2JT - 2JT',	' < 10JT'),
(387,	'TOINAH ',	'lansia awal',	'Balapulang',	'Petani',	2000000,	1800000,	'pendek',	'YAMAHA',	'bebek',	2008,	'Layak',	' 1.2JT - 2JT',	' < 10JT'),
(388,	'FATMAWATI',	'lansia awal',	'Bojong',	'Petani',	2000000,	3500000,	'pendek',	'HONDA',	'matic',	2010,	'Layak',	' 1.2JT - 2JT',	' < 10JT'),
(389,	'ROSIDIN',	'produktif',	'Kesuben',	'Pedagang',	3000000,	8000000,	'sedang',	'SUZUKI',	'FUTURA',	2015,	'Layak',	' 2JT - 4.5JT',	' < 10JT'),
(390,	'FAJAR MARIA SOENGKONO',	'produktif',	'Balapulang',	'Pedagang',	2500000,	4000000,	'pendek',	'HONDA',	'matic',	2013,	'Layak',	' 2JT - 4.5JT',	' < 10JT'),
(391,	'TUKHAERI',	'lansia awal',	'Balaradin',	'Buruh',	2000000,	4000000,	'pendek',	'YAMAHA',	'standard',	2011,	'Layak',	' 1.2JT - 2JT',	' < 10JT'),
(392,	'SAAD ',	'lansia awal',	'Balapulang',	'Petani',	2000000,	3700000,	'pendek',	'HONDA',	'sport',	2011,	'Layak',	' 1.2JT - 2JT',	' < 10JT'),
(393,	'MUMININ',	'lansia awal',	'Muncalarang',	'Petani',	2100000,	5500000,	'pendek',	'HONDA',	'matic',	2014,	'Layak',	' 2JT - 4.5JT',	' < 10JT'),
(394,	'MUHIDIN',	'lansia awal',	'Bumijawa',	'Petani',	2000000,	7500000,	'pendek',	'HONDA',	'matic',	2018,	'Layak',	' 1.2JT - 2JT',	' < 10JT'),
(395,	'DWI YANTO',	'lansia awal',	'Banjaranyar',	'Pedagang',	2000000,	6500000,	'pendek',	'HONDA',	'matic',	2016,	'Layak',	' 1.2JT - 2JT',	' < 10JT'),
(396,	'WALIDI',	'lansia awal',	'Bojong',	'Pedagang',	3000000,	12000000,	'pendek',	'KAWASAKI',	'sport',	2012,	'Layak',	' 2JT - 4.5JT',	' 10JT - 50JT'),
(397,	'TANINGSIH',	'lansia awal',	'Bojong',	'Petani',	2000000,	4000000,	'pendek',	'HONDA',	'matic',	2012,	'Layak',	' 1.2JT - 2JT',	' < 10JT'),
(398,	'DEWI FATAYATUN',	'produktif',	'Kaliwungu',	'Pedagang',	35000000,	8000000,	'pendek',	'HONDA',	'matic',	2017,	'Layak',	' > 10JT',	' < 10JT'),
(399,	'SUSMANTO',	'lansia awal',	'Danasari',	'Buruh',	1500000,	3000000,	'pendek',	'HONDA',	'bebek',	2010,	'Layak',	' 1.2JT - 2JT',	' < 10JT'),
(400,	'SAIKHU',	'lansia awal',	'Kesuben',	'Pedagang',	2000000,	3000000,	'pendek',	'HONDA',	'matic',	2009,	'Layak',	' 1.2JT - 2JT',	' < 10JT'),
(401,	'DARYANTO',	'lansia awal',	'Balapulang',	'Pedagang',	5000000,	17000000,	'sedang',	'TOYOTA',	'AVANZA',	2016,	'Layak',	' 4.5JT - 10JT',	' 10JT - 50JT'),
(402,	'UMIYATUN ',	'produktif',	'Danasari',	'Buruh',	2000000,	5500000,	'pendek',	'HONDA',	'matic',	2014,	'Layak',	' 1.2JT - 2JT',	' < 10JT'),
(403,	'DARYO ',	'produktif',	'Balapulang',	'Pedagang',	3000000,	4300000,	'pendek',	'HONDA',	'matic',	2013,	'Layak',	' 2JT - 4.5JT',	' < 10JT'),
(404,	'MUHAMAD IMAM ',	'produktif',	'Balapulang',	'Buruh',	2000000,	1000000,	'pendek',	'HONDA',	'matic',	2010,	'Layak',	' 1.2JT - 2JT',	' < 10JT'),
(405,	'RINA ASTUTI',	'produktif',	'Balaradin',	'Buruh',	2000000,	6000000,	'pendek',	'HONDA',	'matic',	2016,	'Layak',	' 1.2JT - 2JT',	' < 10JT'),
(406,	'ABU BAKAR',	'lansia awal',	'Buniwah',	'Petani',	2000000,	6000000,	'pendek',	'HONDA',	'matic',	2015,	'Layak',	' 1.2JT - 2JT',	' < 10JT'),
(407,	'SODIKIN',	'lansia awal',	'Buniwah',	'Petani',	2000000,	3500000,	'pendek',	'HONDA',	'matic',	2011,	'Layak',	' 1.2JT - 2JT',	' < 10JT'),
(408,	'IKHSAN FAUZI',	'produktif',	'Batuagung',	'Wiraswasta',	1800000,	8500000,	'pendek',	'HONDA',	'matic',	2016,	'Tidak Layak',	' 1.2JT - 2JT',	' < 10JT'),
(409,	'SUMANTO',	'produktif',	'Kesuben',	'Pedagang',	3500000,	7500000,	'pendek',	'YAMAHA',	'standard',	2014,	'Layak',	' 2JT - 4.5JT',	' < 10JT'),
(410,	'A ALI FAOZAN',	'produktif',	'Kesuben',	'Buruh',	2000000,	5000000,	'pendek',	'HONDA',	'matic',	2015,	'Layak',	' 1.2JT - 2JT',	' < 10JT'),
(411,	'FATKHUL AMIN',	'lansia awal',	'Bumijawa',	'Petani',	2000000,	6000000,	'pendek',	'HONDA',	'matic',	2015,	'Layak',	' 1.2JT - 2JT',	' < 10JT'),
(412,	'JUNARYO',	'produktif',	'Bumijawa',	'Buruh',	2100000,	5000000,	'pendek',	'HONDA',	'STREAM',	2004,	'Layak',	' 2JT - 4.5JT',	' < 10JT'),
(413,	'IBNU MUAMAR',	'produktif',	'Kesuben',	'Wiraswasta',	2000000,	6500000,	'pendek',	'HONDA',	'matic',	2014,	'Layak',	' 1.2JT - 2JT',	' < 10JT'),
(414,	'ANGGIT PRATOMO',	'produktif',	'Kesuben',	'Wiraswasta',	2000000,	5000000,	'pendek',	'HONDA',	'bebek',	2015,	'Layak',	' 1.2JT - 2JT',	' < 10JT'),
(415,	'TASRONI',	'produktif',	'Balapulang',	'Pedagang',	2500000,	3700000,	'pendek',	' HONDA ',	'matic',	2015,	'Layak',	' 2JT - 4.5JT',	' < 10JT'),
(416,	'DARSO ',	'lansia awal',	'Bojong',	'Buruh',	1500000,	7900000,	'pendek',	' YAMAHA ',	'standard',	2015,	'Tidak Layak',	' 1.2JT - 2JT',	' < 10JT'),
(417,	'KAMAL UKI',	'produktif',	'Bojong',	'Wiraswasta',	1500000,	7000000,	'pendek',	' HONDA ',	'matic',	2010,	'Tidak Layak',	' 1.2JT - 2JT',	' < 10JT'),
(418,	'DIMAS WIDIYANTO',	'produktif',	'Pamiritan',	'Wiraswasta',	2000000,	5800000,	'pendek',	'HONDA',	'matic',	2014,	'Layak',	' 1.2JT - 2JT',	' < 10JT'),
(419,	'HERLINA WATI',	'produktif',	'Banjaranyar',	'Wiraswasta',	2000000,	4500000,	'pendek',	'HONDA',	'matic',	2014,	'Layak',	' 1.2JT - 2JT',	' < 10JT'),
(420,	'SOLEKHUDIN',	'produktif',	'Bumijawa',	'Buruh',	1800000,	4900000,	'pendek',	'YAMAHA',	'bebek',	2014,	'Layak',	' 1.2JT - 2JT',	' < 10JT');

-- 2020-07-13 10:16:30
